Estacion,Fecha,Caudal,Unidad,Timestamp
MLI15,2026-08-06 16:00:00,76.62238031383941,L/s,1786032000000
MLI15,2026-08-06 22:00:00,73.26480360037814,L/s,1786053600000
MLI15,2026-08-07 04:00:00,69.19555950913352,L/s,1786075200000
MLI15,2026-08-07 10:00:00,69.86089928545668,L/s,1786096800000
MLI15,2026-08-07 16:00:00,65.45864232931767,L/s,1786118400000
MLI15,2026-08-07 22:00:00,52.29198310791557,L/s,1786140000000
MLI15,2026-08-08 04:00:00,48.62707242282797,L/s,1786161600000
MLI15,2026-08-08 10:00:00,50.252191936205094,L/s,1786183200000
MLI15,2026-08-08 16:00:00,48.54009639678997,L/s,1786204800000
MLI15,2026-08-08 22:00:00,48.50962896935136,L/s,1786226400000
MLI15,2026-08-09 04:00:00,48.76751461644486,L/s,1786248000000
MLI15,2026-08-09 10:00:00,57.079690459134206,L/s,1786269600000
MLI15,2026-08-09 16:00:00,58.1667537675573,L/s,1786291200000
MLI15,2026-08-09 22:00:00,51.7162065803787,L/s,1786312800000
MLI15,2026-08-10 04:00:00,51.22247900434384,L/s,1786334400000
MLI15,2026-08-10 10:00:00,53.22780469852521,L/s,1786356000000
MLI15,2026-08-10 16:00:00,52.51851901242656,L/s,1786377600000
MLI15,2026-08-10 22:00:00,45.044384723940865,L/s,1786399200000
MLI15,2026-08-12 16:00:00,283.99400880639905,L/s,1786550400000
MLI15,2026-08-12 22:00:00,288.3686318079498,L/s,1786572000000
MLI15,2026-08-13 04:00:00,291.9656690712797,L/s,1786593600000
MLI15,2026-08-13 10:00:00,314.5974142575838,L/s,1786615200000
MLI15,2026-08-13 16:00:00,300.39986220825375,L/s,1786636800000
MLI15,2026-08-13 22:00:00,261.48892091561436,L/s,1786658400000
MLI15,2026-08-14 04:00:00,254.926923006224,L/s,1786680000000
MLI15,2026-08-14 10:00:00,269.95247917392686,L/s,1786701600000
MLI15,2026-08-14 16:00:00,315.2750407924412,L/s,1786723200000
MLI15,2026-08-14 22:00:00,299.6708811180669,L/s,1786744800000
MLI15,2026-08-15 04:00:00,271.85152784212113,L/s,1786766400000
MLI15,2026-08-17 16:00:00,14.544830166358928,L/s,1786982400000
MarcoB,2026-08-02 21:47:15,944.4092356958323,L/s,1785707235000
MarcoB,2026-08-02 22:00:00,935.6574308489458,L/s,1785708000000
MarcoB,2026-08-03 04:00:00,947.4815337461297,L/s,1785729600000
MarcoB,2026-08-03 10:00:00,949.8686518199588,L/s,1785751200000
MarcoB,2026-08-03 16:00:00,957.9518425547803,L/s,1785772800000
MarcoB,2026-08-03 22:00:00,881.0908386998793,L/s,1785794400000
MarcoB,2026-08-04 04:00:00,876.8241918046615,L/s,1785816000000
MarcoB,2026-08-04 10:00:00,868.359528681335,L/s,1785837600000
MarcoB,2026-08-04 16:00:00,854.6997656953012,L/s,1785859200000
MarcoB,2026-08-04 22:00:00,849.8770650188458,L/s,1785880800000
MarcoB,2026-08-05 04:00:00,853.0484511428061,L/s,1785902400000
MarcoB,2026-08-05 10:00:00,893.6702285587669,L/s,1785924000000
MarcoB,2026-08-05 16:00:00,892.4059008889398,L/s,1785945600000
MarcoB,2026-08-05 22:00:00,892.6675527475376,L/s,1785967200000
MarcoB,2026-08-06 04:00:00,900.6581010714369,L/s,1785988800000
MarcoB,2026-08-06 10:00:00,903.1969341125916,L/s,1786010400000
MarcoB,2026-08-06 16:00:00,897.2973187499996,L/s,1786032000000
MarcoB,2026-08-06 22:00:00,906.556000508841,L/s,1786053600000
MarcoB,2026-08-07 04:00:00,895.3579956175795,L/s,1786075200000
MarcoB,2026-08-07 10:00:00,893.9648183041354,L/s,1786096800000
MarcoB,2026-08-07 16:00:00,885.365003230569,L/s,1786118400000
MarcoB,2026-08-07 22:00:00,889.2432049148857,L/s,1786140000000
MarcoB,2026-08-08 04:00:00,890.9599243447701,L/s,1786161600000
MarcoB,2026-08-08 10:00:00,886.0627663550742,L/s,1786183200000
MarcoB,2026-08-08 16:00:00,888.6876097030803,L/s,1786204800000
MarcoB,2026-08-08 22:00:00,885.2715336680421,L/s,1786226400000
MarcoB,2026-08-09 04:00:00,893.1054652526279,L/s,1786248000000
MarcoB,2026-08-09 10:00:00,893.4875365437854,L/s,1786269600000
MarcoB,2026-08-09 16:00:00,892.3902339979496,L/s,1786291200000
MarcoB,2026-08-09 22:00:00,892.5654295318714,L/s,1786312800000
MarcoB,2026-08-10 04:00:00,887.4981505064488,L/s,1786334400000
MarcoB,2026-08-10 10:00:00,874.8201478533814,L/s,1786356000000
MarcoB,2026-08-10 16:00:00,819.7592035944275,L/s,1786377600000
MarcoB,2026-08-10 22:00:00,812.7737928512153,L/s,1786399200000
MarcoB,2026-08-11 04:00:00,820.2479320530955,L/s,1786420800000
MarcoB,2026-08-11 10:00:00,811.9940273477716,L/s,1786442400000
MarcoB,2026-08-11 16:00:00,814.7099057912811,L/s,1786464000000
MarcoB,2026-08-11 22:00:00,809.2285014356368,L/s,1786485600000
MarcoB,2026-08-12 04:00:00,809.9195697162783,L/s,1786507200000
MarcoB,2026-08-12 10:00:00,805.5276923006263,L/s,1786528800000
MarcoB,2026-08-12 16:00:00,805.2210023505003,L/s,1786550400000
MarcoB,2026-08-12 22:00:00,823.9276331611302,L/s,1786572000000
MarcoB,2026-08-13 04:00:00,850.6599946796669,L/s,1786593600000
MarcoB,2026-08-13 10:00:00,836.5837063698657,L/s,1786615200000
MarcoB,2026-08-13 16:00:00,832.7604401952472,L/s,1786636800000
MarcoB,2026-08-13 22:00:00,830.1030601667031,L/s,1786658400000
MarcoB,2026-08-14 04:00:00,843.342434952739,L/s,1786680000000
MarcoB,2026-08-14 10:00:00,842.2527749301526,L/s,1786701600000
MarcoB,2026-08-14 16:00:00,846.1899236888297,L/s,1786723200000
MarcoB,2026-08-14 22:00:00,839.9838200438371,L/s,1786744800000
MarcoB,2026-08-15 04:00:00,847.0925757020173,L/s,1786766400000
MarcoB,2026-08-15 10:00:00,879.3416642258376,L/s,1786788000000
MarcoB,2026-08-15 16:00:00,969.2654413361402,L/s,1786809600000
MarcoB,2026-08-15 22:00:00,847.170962114298,L/s,1786831200000
MarcoB,2026-08-16 04:00:00,844.5327139718243,L/s,1786852800000
MarcoB,2026-08-16 10:00:00,845.3696708337295,L/s,1786874400000
MarcoB,2026-08-16 16:00:00,849.0327747086317,L/s,1786896000000
MarcoB,2026-08-16 22:00:00,852.0090808980211,L/s,1786917600000
MarcoB,2026-08-17 04:00:00,858.0810502139944,L/s,1786939200000
MarcoB,2026-08-17 10:00:00,842.2414828346866,L/s,1786960800000
MarcoB,2026-08-17 16:00:00,812.6316545817475,L/s,1786982400000
MSR 12,2026-08-02 21:47:15,121.005,L/s,1785707235000
MSR 12,2026-08-02 22:00:00,121.36704225352122,L/s,1785708000000
MSR 12,2026-08-03 04:00:00,122.88042857142864,L/s,1785729600000
MSR 12,2026-08-03 10:00:00,101.59507042253527,L/s,1785751200000
MSR 12,2026-08-03 16:00:00,79.08014084507046,L/s,1785772800000
MSR 12,2026-08-03 22:00:00,74.4893055555556,L/s,1785794400000
MSR 12,2026-08-04 04:00:00,73.96056338028171,L/s,1785816000000
MSR 12,2026-08-04 10:00:00,74.76277777777779,L/s,1785837600000
MSR 12,2026-08-04 16:00:00,69.13375000000002,L/s,1785859200000
MSR 12,2026-08-04 22:00:00,63.86507042253524,L/s,1785880800000
MSR 12,2026-08-05 04:00:00,64.87236111111115,L/s,1785902400000
MSR 12,2026-08-05 10:00:00,66.52014084507043,L/s,1785924000000
MSR 12,2026-08-05 16:00:00,61.72972222222221,L/s,1785945600000
MSR 12,2026-08-05 22:00:00,63.403888888888886,L/s,1785967200000
MSR 12,2026-08-06 04:00:00,93.04749999999999,L/s,1785988800000
MSR 12,2026-08-06 10:00:00,80.26507042253519,L/s,1786010400000
MSR 12,2026-08-06 16:00:00,73.03197183098594,L/s,1786032000000
MSR 12,2026-08-06 22:00:00,70.76305555555557,L/s,1786053600000
MSR 12,2026-08-07 04:00:00,70.542463768116,L/s,1786075200000
MSR 12,2026-08-07 10:00:00,68.35277777777782,L/s,1786096800000
MSR 12,2026-08-07 16:00:00,57.071527777777796,L/s,1786118400000
MSR 12,2026-08-07 22:00:00,53.21388888888891,L/s,1786140000000
MSR 12,2026-08-08 04:00:00,53.67457142857148,L/s,1786161600000
MSR 12,2026-08-08 10:00:00,52.84887323943664,L/s,1786183200000
MSR 12,2026-08-08 16:00:00,52.1842253521127,L/s,1786204800000
MSR 12,2026-08-08 22:00:00,52.57563380281692,L/s,1786226400000
MSR 12,2026-08-09 04:00:00,53.35750000000005,L/s,1786248000000
MSR 12,2026-08-09 10:00:00,52.67422535211268,L/s,1786269600000
MSR 12,2026-08-09 16:00:00,53.185000000000024,L/s,1786291200000
MSR 12,2026-08-09 22:00:00,54.15436619718311,L/s,1786312800000
MSR 12,2026-08-10 04:00:00,55.88000000000002,L/s,1786334400000
MSR 12,2026-08-10 10:00:00,57.00845070422533,L/s,1786356000000
MSR 12,2026-08-10 16:00:00,54.453142857142865,L/s,1786377600000
MSR 12,2026-08-10 22:00:00,53.85957142857146,L/s,1786399200000
MSR 12,2026-08-11 04:00:00,55.412999999999954,L/s,1786420800000
MSR 12,2026-08-11 10:00:00,56.376197183098526,L/s,1786442400000
MSR 12,2026-08-11 16:00:00,55.29676056338027,L/s,1786464000000
MSR 12,2026-08-11 22:00:00,56.84098591549296,L/s,1786485600000
MSR 12,2026-08-12 04:00:00,58.52887323943662,L/s,1786507200000
MSR 12,2026-08-12 10:00:00,58.35901408450704,L/s,1786528800000
MSR 12,2026-08-12 16:00:00,58.86577464788733,L/s,1786550400000
MSR 12,2026-08-12 22:00:00,58.86154929577465,L/s,1786572000000
MSR 12,2026-08-13 04:00:00,71.43871428571431,L/s,1786593600000
MSR 12,2026-08-13 10:00:00,69.86328571428578,L/s,1786615200000
MSR 12,2026-08-13 16:00:00,58.603521126760555,L/s,1786636800000
MSR 12,2026-08-13 22:00:00,61.54188405797102,L/s,1786658400000
MSR 12,2026-08-14 04:00:00,62.80492753623189,L/s,1786680000000
MSR 12,2026-08-14 10:00:00,62.91323943661973,L/s,1786701600000
MSR 12,2026-08-14 16:00:00,60.23225352112677,L/s,1786723200000
MSR 12,2026-08-14 22:00:00,60.8176388888889,L/s,1786744800000
MSR 12,2026-08-15 04:00:00,61.09694444444444,L/s,1786766400000
MSR 12,2026-08-15 10:00:00,63.749718309859176,L/s,1786788000000
MSR 12,2026-08-15 16:00:00,278.4335211267606,L/s,1786809600000
MSR 12,2026-08-15 22:00:00,246.32295774647886,L/s,1786831200000
MSR 12,2026-08-16 04:00:00,108.84111111111116,L/s,1786852800000
MSR 12,2026-08-16 10:00:00,92.35985714285715,L/s,1786874400000
MSR 12,2026-08-16 16:00:00,86.09914285714288,L/s,1786896000000
MSR 12,2026-08-16 22:00:00,83.65957142857141,L/s,1786917600000
MSR 12,2026-08-17 04:00:00,84.48873239436621,L/s,1786939200000
MSR 12,2026-08-17 10:00:00,96.78070422535212,L/s,1786960800000
MSR 12,2026-08-17 16:00:00,84.18057971014493,L/s,1786982400000
Marco La Cuncuna,2026-08-02 21:47:15,7519.006666666665,L/s,1785707235000
Marco La Cuncuna,2026-08-02 22:00:00,7536.68746478873,L/s,1785708000000
Marco La Cuncuna,2026-08-03 04:00:00,7542.423571428569,L/s,1785729600000
Marco La Cuncuna,2026-08-03 10:00:00,7531.596760563379,L/s,1785751200000
Marco La Cuncuna,2026-08-03 16:00:00,7523.246478873238,L/s,1785772800000
Marco La Cuncuna,2026-08-03 22:00:00,7498.200972222218,L/s,1785794400000
Marco La Cuncuna,2026-08-04 04:00:00,7529.9176056337965,L/s,1785816000000
Marco La Cuncuna,2026-08-04 10:00:00,7600.946249999995,L/s,1785837600000
Marco La Cuncuna,2026-08-04 16:00:00,7618.4498611111085,L/s,1785859200000
Marco La Cuncuna,2026-08-04 22:00:00,7654.061830985916,L/s,1785880800000
Marco La Cuncuna,2026-08-05 04:00:00,7695.947777777776,L/s,1785902400000
Marco La Cuncuna,2026-08-05 10:00:00,7690.82690140845,L/s,1785924000000
Marco La Cuncuna,2026-08-05 16:00:00,7645.144166666663,L/s,1785945600000
Marco La Cuncuna,2026-08-05 22:00:00,7622.634999999998,L/s,1785967200000
Marco La Cuncuna,2026-08-06 04:00:00,7524.531111111104,L/s,1785988800000
Marco La Cuncuna,2026-08-06 10:00:00,7595.524366197181,L/s,1786010400000
Marco La Cuncuna,2026-08-06 16:00:00,7550.316478873234,L/s,1786032000000
Marco La Cuncuna,2026-08-06 22:00:00,7530.4716666666645,L/s,1786053600000
Marco La Cuncuna,2026-08-07 04:00:00,7524.6914492753585,L/s,1786075200000
Marco La Cuncuna,2026-08-07 10:00:00,7502.5751388888875,L/s,1786096800000
Marco La Cuncuna,2026-08-07 16:00:00,6890.467222222221,L/s,1786118400000
Marco La Cuncuna,2026-08-07 22:00:00,7381.067916666667,L/s,1786140000000
Marco La Cuncuna,2026-08-08 04:00:00,3998.6554285714296,L/s,1786161600000
Marco La Cuncuna,2026-08-08 10:00:00,1249.7340845070419,L/s,1786183200000
Marco La Cuncuna,2026-08-08 16:00:00,1794.1843661971836,L/s,1786204800000
Marco La Cuncuna,2026-08-08 22:00:00,3506.917605633808,L/s,1786226400000
Marco La Cuncuna,2026-08-09 04:00:00,1259.1618055555546,L/s,1786248000000
Marco La Cuncuna,2026-08-09 10:00:00,1797.5511267605632,L/s,1786269600000
Marco La Cuncuna,2026-08-09 16:00:00,1257.6969444444442,L/s,1786291200000
Marco La Cuncuna,2026-08-09 22:00:00,1685.632535211266,L/s,1786312800000
Marco La Cuncuna,2026-08-10 04:00:00,3545.7423611111108,L/s,1786334400000
Marco La Cuncuna,2026-08-10 10:00:00,4797.947042253523,L/s,1786356000000
Marco La Cuncuna,2026-08-10 16:00:00,1672.546428571427,L/s,1786377600000
Marco La Cuncuna,2026-08-10 22:00:00,1851.940714285713,L/s,1786399200000
Marco La Cuncuna,2026-08-11 04:00:00,3277.597142857143,L/s,1786420800000
Marco La Cuncuna,2026-08-11 10:00:00,4296.827464788733,L/s,1786442400000
Marco La Cuncuna,2026-08-11 16:00:00,1879.4450704225362,L/s,1786464000000
Marco La Cuncuna,2026-08-11 22:00:00,3561.644225352116,L/s,1786485600000
Marco La Cuncuna,2026-08-12 04:00:00,2165.3932394366193,L/s,1786507200000
Marco La Cuncuna,2026-08-12 10:00:00,1898.7271830985903,L/s,1786528800000
Marco La Cuncuna,2026-08-12 16:00:00,7106.293857142855,L/s,1786550400000
Marco La Cuncuna,2026-08-12 22:00:00,7712.779436619718,L/s,1786572000000
Marco La Cuncuna,2026-08-13 04:00:00,7900.5127142857145,L/s,1786593600000
Marco La Cuncuna,2026-08-13 10:00:00,7861.058857142859,L/s,1786615200000
Marco La Cuncuna,2026-08-13 16:00:00,7754.661250000001,L/s,1786636800000
Marco La Cuncuna,2026-08-13 22:00:00,7793.241911764707,L/s,1786658400000
Marco La Cuncuna,2026-08-14 04:00:00,7823.233676470589,L/s,1786680000000
Marco La Cuncuna,2026-08-14 10:00:00,7840.748169014086,L/s,1786701600000
Marco La Cuncuna,2026-08-14 16:00:00,3291.2598591549336,L/s,1786723200000
Marco La Cuncuna,2026-08-14 22:00:00,1323.2236111111104,L/s,1786744800000
Marco La Cuncuna,2026-08-15 04:00:00,1339.557222222221,L/s,1786766400000
Marco La Cuncuna,2026-08-15 10:00:00,1402.736338028169,L/s,1786788000000
Marco La Cuncuna,2026-08-15 16:00:00,1679.0756338028173,L/s,1786809600000
Marco La Cuncuna,2026-08-15 22:00:00,7259.632676056337,L/s,1786831200000
Marco La Cuncuna,2026-08-16 04:00:00,4397.834027777782,L/s,1786852800000
Marco La Cuncuna,2026-08-16 10:00:00,1309.699714285714,L/s,1786874400000
Marco La Cuncuna,2026-08-16 16:00:00,2880.1945070422544,L/s,1786896000000
Marco La Cuncuna,2026-08-16 22:00:00,5300.864,L/s,1786917600000
Marco La Cuncuna,2026-08-17 04:00:00,4439.943943661974,L/s,1786939200000
Marco La Cuncuna,2026-08-17 10:00:00,4241.846760563381,L/s,1786960800000
Marco La Cuncuna,2026-08-17 16:00:00,6762.804202898551,L/s,1786982400000
MLI 1,2026-08-02 21:47:15,536.95,L/s,1785707235000
MLI 1,2026-08-02 22:00:00,535.4661971830984,L/s,1785708000000
MLI 1,2026-08-03 04:00:00,541.2448571428571,L/s,1785729600000
MLI 1,2026-08-03 10:00:00,516.0233802816896,L/s,1785751200000
MLI 1,2026-08-03 16:00:00,375.8811267605635,L/s,1785772800000
MLI 1,2026-08-03 22:00:00,405.7613888888889,L/s,1785794400000
MLI 1,2026-08-04 04:00:00,412.38647887323947,L/s,1785816000000
MLI 1,2026-08-04 10:00:00,413.93291666666664,L/s,1785837600000
MLI 1,2026-08-04 16:00:00,395.61222222222233,L/s,1785859200000
MLI 1,2026-08-04 22:00:00,416.5704225352115,L/s,1785880800000
MLI 1,2026-08-05 04:00:00,418.01319444444465,L/s,1785902400000
MLI 1,2026-08-05 10:00:00,431.6642253521127,L/s,1785924000000
MLI 1,2026-08-05 16:00:00,416.6200000000001,L/s,1785945600000
MLI 1,2026-08-05 22:00:00,441.16555555555556,L/s,1785967200000
MLI 1,2026-08-06 04:00:00,442.93708333333325,L/s,1785988800000
MLI 1,2026-08-06 10:00:00,416.1092957746479,L/s,1786010400000
MLI 1,2026-08-06 16:00:00,386.8136619718312,L/s,1786032000000
MLI 1,2026-08-06 22:00:00,440.9283333333332,L/s,1786053600000
MLI 1,2026-08-07 04:00:00,443.95884057971017,L/s,1786075200000
MLI 1,2026-08-07 10:00:00,426.4606944444446,L/s,1786096800000
MLI 1,2026-08-07 16:00:00,407.64444444444445,L/s,1786118400000
MLI 1,2026-08-07 22:00:00,436.38652777777753,L/s,1786140000000
MLI 1,2026-08-08 04:00:00,439.9085714285714,L/s,1786161600000
MLI 1,2026-08-08 10:00:00,411.42830985915487,L/s,1786183200000
MLI 1,2026-08-08 16:00:00,386.18450704225353,L/s,1786204800000
MLI 1,2026-08-08 22:00:00,440.3294366197182,L/s,1786226400000
MLI 1,2026-08-09 04:00:00,448.3079166666668,L/s,1786248000000
MLI 1,2026-08-09 10:00:00,416.214647887324,L/s,1786269600000
MLI 1,2026-08-09 16:00:00,386.8116666666668,L/s,1786291200000
MLI 1,2026-08-09 22:00:00,445.09408450704234,L/s,1786312800000
MLI 1,2026-08-10 04:00:00,440.5480555555554,L/s,1786334400000
MLI 1,2026-08-10 10:00:00,430.99154929577486,L/s,1786356000000
MLI 1,2026-08-10 16:00:00,396.27942857142875,L/s,1786377600000
MLI 1,2026-08-10 22:00:00,405.70885714285714,L/s,1786399200000
MLI 1,2026-08-11 04:00:00,411.53,L/s,1786420800000
MLI 1,2026-08-11 10:00:00,402.2585915492961,L/s,1786442400000
MLI 1,2026-08-11 16:00:00,377.23338028169036,L/s,1786464000000
MLI 1,2026-08-11 22:00:00,407.9284507042255,L/s,1786485600000
MLI 1,2026-08-12 04:00:00,409.3060563380283,L/s,1786507200000
MLI 1,2026-08-12 10:00:00,383.6140845070422,L/s,1786528800000
MLI 1,2026-08-12 16:00:00,352.0984507042254,L/s,1786550400000
MLI 1,2026-08-12 22:00:00,423.3254166666668,L/s,1786572000000
MLI 1,2026-08-13 04:00:00,448.46471428571436,L/s,1786593600000
MLI 1,2026-08-13 10:00:00,431.3595714285715,L/s,1786615200000
MLI 1,2026-08-13 16:00:00,432.20486111111103,L/s,1786636800000
MLI 1,2026-08-13 22:00:00,443.7401449275363,L/s,1786658400000
MLI 1,2026-08-14 04:00:00,448.73671428571424,L/s,1786680000000
MLI 1,2026-08-14 10:00:00,432.0532857142859,L/s,1786701600000
MLI 1,2026-08-14 16:00:00,429.9153521126759,L/s,1786723200000
MLI 1,2026-08-14 22:00:00,451.25180555555556,L/s,1786744800000
MLI 1,2026-08-15 04:00:00,455.7737500000002,L/s,1786766400000
MLI 1,2026-08-15 10:00:00,467.443623188406,L/s,1786788000000
MLI 1,2026-08-15 16:00:00,515.5367605633803,L/s,1786809600000
MLI 1,2026-08-15 22:00:00,453.45718309859177,L/s,1786831200000
MLI 1,2026-08-16 04:00:00,454.86013888888897,L/s,1786852800000
MLI 1,2026-08-16 10:00:00,436.6159154929578,L/s,1786874400000
MLI 1,2026-08-16 16:00:00,412.96267605633795,L/s,1786896000000
MLI 1,2026-08-16 22:00:00,459.3777142857145,L/s,1786917600000
MLI 1,2026-08-17 04:00:00,464.347605633803,L/s,1786939200000
MLI 1,2026-08-17 10:00:00,445.0457352941178,L/s,1786960800000
MLI 1,2026-08-17 16:00:00,371.7279411764707,L/s,1786982400000
Marco C,2026-08-02 21:47:15,350.07,L/s,1785707235000
Marco C,2026-08-02 22:00:00,368.1597183098594,L/s,1785708000000
Marco C,2026-08-03 04:00:00,363.5867142857143,L/s,1785729600000
Marco C,2026-08-03 10:00:00,366.5288732394366,L/s,1785751200000
Marco C,2026-08-03 16:00:00,317.53985915492945,L/s,1785772800000
Marco C,2026-08-03 22:00:00,311.20041666666657,L/s,1785794400000
Marco C,2026-08-04 04:00:00,309.6101388888889,L/s,1785816000000
Marco C,2026-08-04 10:00:00,302.67541666666665,L/s,1785837600000
Marco C,2026-08-04 16:00:00,288.0193055555555,L/s,1785859200000
Marco C,2026-08-04 22:00:00,299.65760563380263,L/s,1785880800000
Marco C,2026-08-05 04:00:00,301.8141666666665,L/s,1785902400000
Marco C,2026-08-05 10:00:00,309.7002816901409,L/s,1785924000000
Marco C,2026-08-05 16:00:00,300.4748611111111,L/s,1785945600000
Marco C,2026-08-05 22:00:00,315.8908333333333,L/s,1785967200000
Marco C,2026-08-06 04:00:00,320.35833333333335,L/s,1785988800000
Marco C,2026-08-06 10:00:00,300.5392957746481,L/s,1786010400000
Marco C,2026-08-06 16:00:00,279.905352112676,L/s,1786032000000
Marco C,2026-08-06 22:00:00,311.3773611111111,L/s,1786053600000
Marco C,2026-08-07 04:00:00,310.0997101449275,L/s,1786075200000
Marco C,2026-08-07 10:00:00,304.8026388888888,L/s,1786096800000
Marco C,2026-08-07 16:00:00,293.0841666666666,L/s,1786118400000
Marco C,2026-08-07 22:00:00,306.6954166666667,L/s,1786140000000
Marco C,2026-08-08 04:00:00,307.74299999999994,L/s,1786161600000
Marco C,2026-08-08 10:00:00,297.22943661971834,L/s,1786183200000
Marco C,2026-08-08 16:00:00,273.44084507042254,L/s,1786204800000
Marco C,2026-08-08 22:00:00,300.34394366197165,L/s,1786226400000
Marco C,2026-08-09 04:00:00,306.11611111111097,L/s,1786248000000
Marco C,2026-08-09 10:00:00,294.24211267605637,L/s,1786269600000
Marco C,2026-08-09 16:00:00,277.1977777777777,L/s,1786291200000
Marco C,2026-08-09 22:00:00,304.0419718309858,L/s,1786312800000
Marco C,2026-08-10 04:00:00,306.9922222222222,L/s,1786334400000
Marco C,2026-08-10 10:00:00,303.54267605633805,L/s,1786356000000
Marco C,2026-08-10 16:00:00,287.84742857142845,L/s,1786377600000
Marco C,2026-08-10 22:00:00,294.6525714285714,L/s,1786399200000
Marco C,2026-08-11 04:00:00,296.9975714285713,L/s,1786420800000
Marco C,2026-08-11 10:00:00,289.897323943662,L/s,1786442400000
Marco C,2026-08-11 16:00:00,273.7888732394366,L/s,1786464000000
Marco C,2026-08-11 22:00:00,290.0795774647888,L/s,1786485600000
Marco C,2026-08-12 04:00:00,288.87676056338034,L/s,1786507200000
Marco C,2026-08-12 10:00:00,281.90309859154934,L/s,1786528800000
Marco C,2026-08-12 16:00:00,259.8022535211268,L/s,1786550400000
Marco C,2026-08-12 22:00:00,292.05295774647885,L/s,1786572000000
Marco C,2026-08-13 04:00:00,316.8387142857141,L/s,1786593600000
Marco C,2026-08-13 10:00:00,313.2626086956522,L/s,1786615200000
Marco C,2026-08-13 16:00:00,312.2253521126759,L/s,1786636800000
Marco C,2026-08-13 22:00:00,313.4234782608695,L/s,1786658400000
Marco C,2026-08-14 04:00:00,315.53942857142846,L/s,1786680000000
Marco C,2026-08-14 10:00:00,309.7654285714283,L/s,1786701600000
Marco C,2026-08-14 16:00:00,303.7642253521127,L/s,1786723200000
Marco C,2026-08-14 22:00:00,319.13225352112687,L/s,1786744800000
Marco C,2026-08-15 04:00:00,317.9998611111111,L/s,1786766400000
Marco C,2026-08-15 10:00:00,330.96239436619715,L/s,1786788000000
Marco C,2026-08-15 16:00:00,382.27771428571424,L/s,1786809600000
Marco C,2026-08-15 22:00:00,313.68267605633787,L/s,1786831200000
Marco C,2026-08-16 04:00:00,311.9702816901409,L/s,1786852800000
Marco C,2026-08-16 10:00:00,302.98577464788735,L/s,1786874400000
Marco C,2026-08-16 16:00:00,288.9964788732395,L/s,1786896000000
Marco C,2026-08-16 22:00:00,313.86914285714283,L/s,1786917600000
Marco C,2026-08-17 04:00:00,314.6352112676057,L/s,1786939200000
Marco C,2026-08-17 10:00:00,306.68352112676064,L/s,1786960800000
Marco C,2026-08-17 16:00:00,262.57147058823534,L/s,1786982400000
MEL 1,2026-08-02 21:47:15,17.94,L/s,1785707235000
MEL 1,2026-08-02 22:00:00,17.80126760563382,L/s,1785708000000
MEL 1,2026-08-03 04:00:00,18.110285714285716,L/s,1785729600000
MEL 1,2026-08-03 10:00:00,18.973380281690133,L/s,1785751200000
MEL 1,2026-08-03 16:00:00,17.149718309859153,L/s,1785772800000
MEL 1,2026-08-03 22:00:00,15.315833333333323,L/s,1785794400000
MEL 1,2026-08-04 04:00:00,15.133239436619716,L/s,1785816000000
MEL 1,2026-08-04 10:00:00,14.848333333333338,L/s,1785837600000
MEL 1,2026-08-04 16:00:00,13.695972222222231,L/s,1785859200000
MEL 1,2026-08-04 22:00:00,14.490985915492956,L/s,1785880800000
MEL 1,2026-08-05 04:00:00,14.635833333333336,L/s,1785902400000
MEL 1,2026-08-05 10:00:00,15.539154929577471,L/s,1785924000000
MEL 1,2026-08-05 16:00:00,14.522638888888897,L/s,1785945600000
MEL 1,2026-08-05 22:00:00,15.70013888888889,L/s,1785967200000
MEL 1,2026-08-06 04:00:00,16.448055555555566,L/s,1785988800000
MEL 1,2026-08-06 10:00:00,15.778450704225362,L/s,1786010400000
MEL 1,2026-08-06 16:00:00,14.047887323943668,L/s,1786032000000
MEL 1,2026-08-06 22:00:00,15.44083333333333,L/s,1786053600000
MEL 1,2026-08-07 04:00:00,15.635942028985513,L/s,1786075200000
MEL 1,2026-08-07 10:00:00,15.18333333333334,L/s,1786096800000
MEL 1,2026-08-07 16:00:00,14.207777777777775,L/s,1786118400000
MEL 1,2026-08-07 22:00:00,14.995277777777769,L/s,1786140000000
MEL 1,2026-08-08 04:00:00,15.168571428571427,L/s,1786161600000
MEL 1,2026-08-08 10:00:00,14.884507042253533,L/s,1786183200000
MEL 1,2026-08-08 16:00:00,13.669577464788741,L/s,1786204800000
MEL 1,2026-08-08 22:00:00,14.959295774647892,L/s,1786226400000
MEL 1,2026-08-09 04:00:00,15.304583333333332,L/s,1786248000000
MEL 1,2026-08-09 10:00:00,15.509295774647882,L/s,1786269600000
MEL 1,2026-08-09 16:00:00,13.743888888888893,L/s,1786291200000
MEL 1,2026-08-09 22:00:00,15.262816901408458,L/s,1786312800000
MEL 1,2026-08-10 04:00:00,15.091111111111111,L/s,1786334400000
MEL 1,2026-08-10 10:00:00,15.223380281690142,L/s,1786356000000
MEL 1,2026-08-10 16:00:00,13.879142857142858,L/s,1786377600000
MEL 1,2026-08-10 22:00:00,14.257000000000005,L/s,1786399200000
MEL 1,2026-08-11 04:00:00,14.478428571428568,L/s,1786420800000
MEL 1,2026-08-11 10:00:00,14.074084507042258,L/s,1786442400000
MEL 1,2026-08-11 16:00:00,13.271971830985928,L/s,1786464000000
MEL 1,2026-08-11 22:00:00,14.05042253521127,L/s,1786485600000
MEL 1,2026-08-12 04:00:00,14.028873239436628,L/s,1786507200000
MEL 1,2026-08-12 10:00:00,13.906901408450711,L/s,1786528800000
MEL 1,2026-08-12 16:00:00,12.725492957746487,L/s,1786550400000
MEL 1,2026-08-12 22:00:00,14.595774647887334,L/s,1786572000000
MEL 1,2026-08-13 04:00:00,16.690285714285718,L/s,1786593600000
MEL 1,2026-08-13 10:00:00,15.513571428571433,L/s,1786615200000
MEL 1,2026-08-13 16:00:00,15.228169014084507,L/s,1786636800000
MEL 1,2026-08-13 22:00:00,16.024057971014496,L/s,1786658400000
MEL 1,2026-08-14 04:00:00,15.936571428571437,L/s,1786680000000
MEL 1,2026-08-14 10:00:00,15.510140845070422,L/s,1786701600000
MEL 1,2026-08-14 16:00:00,15.102535211267602,L/s,1786723200000
MEL 1,2026-08-14 22:00:00,15.891666666666676,L/s,1786744800000
MEL 1,2026-08-15 04:00:00,16.089999999999996,L/s,1786766400000
MEL 1,2026-08-15 10:00:00,17.576197183098596,L/s,1786788000000
MEL 1,2026-08-15 16:00:00,22.814788732394362,L/s,1786809600000
MEL 1,2026-08-15 22:00:00,15.57915492957747,L/s,1786831200000
MEL 1,2026-08-16 04:00:00,15.110704225352118,L/s,1786852800000
MEL 1,2026-08-16 10:00:00,14.927605633802825,L/s,1786874400000
MEL 1,2026-08-16 16:00:00,13.926086956521747,L/s,1786896000000
MEL 1,2026-08-16 22:00:00,15.421449275362324,L/s,1786917600000
MEL 1,2026-08-17 04:00:00,15.641126760563386,L/s,1786939200000
MEL 1,2026-08-17 10:00:00,15.158591549295782,L/s,1786960800000
MEL 1,2026-08-17 16:00:00,12.501617647058822,L/s,1786982400000
MEL 4,2026-08-02 21:47:15,259.58,L/s,1785707235000
MEL 4,2026-08-02 22:00:00,259.93450704225353,L/s,1785708000000
MEL 4,2026-08-03 04:00:00,262.70971428571437,L/s,1785729600000
MEL 4,2026-08-03 10:00:00,274.371267605634,L/s,1785751200000
MEL 4,2026-08-03 16:00:00,266.0471830985915,L/s,1785772800000
MEL 4,2026-08-03 22:00:00,245.6484722222222,L/s,1785794400000
MEL 4,2026-08-04 04:00:00,241.88690140845057,L/s,1785816000000
MEL 4,2026-08-04 10:00:00,239.95083333333318,L/s,1785837600000
MEL 4,2026-08-04 16:00:00,228.5879166666667,L/s,1785859200000
MEL 4,2026-08-04 22:00:00,235.3295774647886,L/s,1785880800000
MEL 4,2026-08-05 04:00:00,234.55916666666656,L/s,1785902400000
MEL 4,2026-08-05 10:00:00,246.815352112676,L/s,1785924000000
MEL 4,2026-08-05 16:00:00,245.68972222222212,L/s,1785945600000
MEL 4,2026-08-05 22:00:00,246.17055555555544,L/s,1785967200000
MEL 4,2026-08-06 04:00:00,293.1591666666666,L/s,1785988800000
MEL 4,2026-08-06 10:00:00,249.4747887323943,L/s,1786010400000
MEL 4,2026-08-06 16:00:00,238.67943661971822,L/s,1786032000000
MEL 4,2026-08-06 22:00:00,246.12138888888882,L/s,1786053600000
MEL 4,2026-08-07 04:00:00,247.00101449275357,L/s,1786075200000
MEL 4,2026-08-07 10:00:00,241.324861111111,L/s,1786096800000
MEL 4,2026-08-07 16:00:00,234.4929166666666,L/s,1786118400000
MEL 4,2026-08-07 22:00:00,244.33069444444442,L/s,1786140000000
MEL 4,2026-08-08 04:00:00,246.49728571428562,L/s,1786161600000
MEL 4,2026-08-08 10:00:00,240.73154929577453,L/s,1786183200000
MEL 4,2026-08-08 16:00:00,235.08830985915478,L/s,1786204800000
MEL 4,2026-08-08 22:00:00,243.231690140845,L/s,1786226400000
MEL 4,2026-08-09 04:00:00,245.56083333333325,L/s,1786248000000
MEL 4,2026-08-09 10:00:00,241.34253521126755,L/s,1786269600000
MEL 4,2026-08-09 16:00:00,238.26305555555544,L/s,1786291200000
MEL 4,2026-08-09 22:00:00,246.98323943661973,L/s,1786312800000
MEL 4,2026-08-10 04:00:00,246.14930555555546,L/s,1786334400000
MEL 4,2026-08-10 10:00:00,247.35366197183083,L/s,1786356000000
MEL 4,2026-08-10 16:00:00,237.69557142857124,L/s,1786377600000
MEL 4,2026-08-10 22:00:00,236.58828571428558,L/s,1786399200000
MEL 4,2026-08-11 04:00:00,240.57757142857122,L/s,1786420800000
MEL 4,2026-08-11 10:00:00,236.802676056338,L/s,1786442400000
MEL 4,2026-08-11 16:00:00,228.50535211267592,L/s,1786464000000
MEL 4,2026-08-11 22:00:00,233.14845070422527,L/s,1786485600000
MEL 4,2026-08-12 04:00:00,232.68323943661966,L/s,1786507200000
MEL 4,2026-08-12 10:00:00,229.11253521126756,L/s,1786528800000
MEL 4,2026-08-12 16:00:00,212.22211267605635,L/s,1786550400000
MEL 4,2026-08-12 22:00:00,207.68507042253515,L/s,1786572000000
MEL 4,2026-08-13 04:00:00,227.81957142857144,L/s,1786593600000
MEL 4,2026-08-13 10:00:00,231.81299999999993,L/s,1786615200000
MEL 4,2026-08-13 16:00:00,255.39971428571423,L/s,1786636800000
MEL 4,2026-08-13 22:00:00,278.26731343283586,L/s,1786658400000
MEL 4,2026-08-14 04:00:00,280.1927142857142,L/s,1786680000000
MEL 4,2026-08-14 10:00:00,277.3648611111111,L/s,1786701600000
MEL 4,2026-08-14 16:00:00,276.72926470588243,L/s,1786723200000
MEL 4,2026-08-14 22:00:00,280.8950704225351,L/s,1786744800000
MEL 4,2026-08-15 04:00:00,282.24805555555554,L/s,1786766400000
MEL 4,2026-08-15 10:00:00,297.8518309859154,L/s,1786788000000
MEL 4,2026-08-15 16:00:00,503.23281690140846,L/s,1786809600000
MEL 4,2026-08-15 22:00:00,322.4201388888889,L/s,1786831200000
MEL 4,2026-08-16 04:00:00,287.393,L/s,1786852800000
MEL 4,2026-08-16 10:00:00,282.43271428571444,L/s,1786874400000
MEL 4,2026-08-16 16:00:00,280.0491428571428,L/s,1786896000000
MEL 4,2026-08-16 22:00:00,290.1974285714287,L/s,1786917600000
MEL 4,2026-08-17 04:00:00,295.9847142857142,L/s,1786939200000
MEL 4,2026-08-17 10:00:00,298.42028169014105,L/s,1786960800000
MEL 4,2026-08-17 16:00:00,268.8364705882354,L/s,1786982400000
MEL 6,2026-08-02 21:47:15,188.58,L/s,1785707235000
MEL 6,2026-08-02 22:00:00,189.94323943661988,L/s,1785708000000
MEL 6,2026-08-03 04:00:00,192.97614285714275,L/s,1785729600000
MEL 6,2026-08-03 10:00:00,200.0088732394367,L/s,1785751200000
MEL 6,2026-08-03 16:00:00,196.97366197183098,L/s,1785772800000
MEL 6,2026-08-03 22:00:00,176.1059722222222,L/s,1785794400000
MEL 6,2026-08-04 04:00:00,170.9511267605634,L/s,1785816000000
MEL 6,2026-08-04 10:00:00,169.5863888888889,L/s,1785837600000
MEL 6,2026-08-04 16:00:00,165.60944444444434,L/s,1785859200000
MEL 6,2026-08-04 22:00:00,168.85563380281695,L/s,1785880800000
MEL 6,2026-08-05 04:00:00,166.52430555555554,L/s,1785902400000
MEL 6,2026-08-05 10:00:00,175.0087323943662,L/s,1785924000000
MEL 6,2026-08-05 16:00:00,168.110138888889,L/s,1785945600000
MEL 6,2026-08-05 22:00:00,142.57402777777787,L/s,1785967200000
MEL 6,2026-08-06 04:00:00,174.86942028985507,L/s,1785988800000
MEL 6,2026-08-06 10:00:00,150.5463380281692,L/s,1786010400000
MEL 6,2026-08-06 16:00:00,141.33098591549307,L/s,1786032000000
MEL 6,2026-08-06 22:00:00,141.59069444444452,L/s,1786053600000
MEL 6,2026-08-07 04:00:00,140.1508695652174,L/s,1786075200000
MEL 6,2026-08-07 10:00:00,138.40888888888887,L/s,1786096800000
MEL 6,2026-08-07 16:00:00,137.55083333333334,L/s,1786118400000
MEL 6,2026-08-07 22:00:00,138.00569444444457,L/s,1786140000000
MEL 6,2026-08-08 04:00:00,138.86228571428572,L/s,1786161600000
MEL 6,2026-08-08 10:00:00,138.2839436619718,L/s,1786183200000
MEL 6,2026-08-08 16:00:00,135.9067605633804,L/s,1786204800000
MEL 6,2026-08-08 22:00:00,138.1254929577464,L/s,1786226400000
MEL 6,2026-08-09 04:00:00,138.5745833333334,L/s,1786248000000
MEL 6,2026-08-09 10:00:00,138.89253521126767,L/s,1786269600000
MEL 6,2026-08-09 16:00:00,137.13416666666677,L/s,1786291200000
MEL 6,2026-08-09 22:00:00,139.66098591549306,L/s,1786312800000
MEL 6,2026-08-10 04:00:00,139.13500000000005,L/s,1786334400000
MEL 6,2026-08-10 10:00:00,143.214647887324,L/s,1786356000000
MEL 6,2026-08-10 16:00:00,136.07742857142847,L/s,1786377600000
MEL 6,2026-08-10 22:00:00,135.18142857142863,L/s,1786399200000
MEL 6,2026-08-11 04:00:00,138.22500000000002,L/s,1786420800000
MEL 6,2026-08-11 10:00:00,136.5042253521126,L/s,1786442400000
MEL 6,2026-08-11 16:00:00,114.57732394366195,L/s,1786464000000
MEL 6,2026-08-11 22:00:00,95.13112676056335,L/s,1786485600000
MEL 6,2026-08-12 04:00:00,96.18042253521119,L/s,1786507200000
MEL 6,2026-08-12 10:00:00,96.05845070422525,L/s,1786528800000
MEL 6,2026-08-12 16:00:00,91.8842253521127,L/s,1786550400000
MEL 6,2026-08-12 22:00:00,82.20619718309864,L/s,1786572000000
MEL 6,2026-08-13 04:00:00,94.40371428571427,L/s,1786593600000
MEL 6,2026-08-13 10:00:00,90.2384057971014,L/s,1786615200000
MEL 6,2026-08-13 16:00:00,90.21777777777783,L/s,1786636800000
MEL 6,2026-08-13 22:00:00,99.52676470588226,L/s,1786658400000
MEL 6,2026-08-14 04:00:00,100.52228571428559,L/s,1786680000000
MEL 6,2026-08-14 10:00:00,98.73742857142847,L/s,1786701600000
MEL 6,2026-08-14 16:00:00,101.53228571428573,L/s,1786723200000
MEL 6,2026-08-14 22:00:00,104.99628571428572,L/s,1786744800000
MEL 6,2026-08-15 04:00:00,106.06194444444453,L/s,1786766400000
MEL 6,2026-08-15 10:00:00,109.63140845070423,L/s,1786788000000
MEL 6,2026-08-15 16:00:00,211.16140845070422,L/s,1786809600000
MEL 6,2026-08-15 22:00:00,162.1938028169013,L/s,1786831200000
MEL 6,2026-08-16 04:00:00,113.01263888888886,L/s,1786852800000
MEL 6,2026-08-16 10:00:00,112.25267605633799,L/s,1786874400000
MEL 6,2026-08-16 16:00:00,112.481,L/s,1786896000000
MEL 6,2026-08-16 22:00:00,113.72128571428571,L/s,1786917600000
MEL 6,2026-08-17 04:00:00,115.93347826086956,L/s,1786939200000
MEL 6,2026-08-17 10:00:00,119.69114285714285,L/s,1786960800000
MEL 6,2026-08-17 16:00:00,105.68985507246376,L/s,1786982400000
MSR 19,2026-08-02 21:47:15,9.256666666666666,L/s,1785707235000
MSR 19,2026-08-02 22:00:00,9.475492957746486,L/s,1785708000000
MSR 19,2026-08-03 04:00:00,9.634285714285719,L/s,1785729600000
MSR 19,2026-08-03 10:00:00,125.80760563380285,L/s,1785751200000
MSR 19,2026-08-03 16:00:00,567.6776056338031,L/s,1785772800000
MSR 19,2026-08-03 22:00:00,595.8072222222219,L/s,1785794400000
MSR 19,2026-08-04 04:00:00,623.3045070422538,L/s,1785816000000
MSR 19,2026-08-04 10:00:00,623.3218055555558,L/s,1785837600000
MSR 19,2026-08-04 16:00:00,868.3976388888879,L/s,1785859200000
MSR 19,2026-08-04 22:00:00,886.879999999999,L/s,1785880800000
MSR 19,2026-08-05 04:00:00,886.8799999999989,L/s,1785902400000
MSR 19,2026-08-05 10:00:00,707.1942253521124,L/s,1785924000000
MSR 19,2026-08-05 16:00:00,334.2663380281691,L/s,1785945600000
MSR 19,2026-08-05 22:00:00,356.0766666666667,L/s,1785967200000
MSR 19,2026-08-06 04:00:00,356.75486111111104,L/s,1785988800000
MSR 19,2026-08-06 10:00:00,465.56267605633786,L/s,1786010400000
MSR 19,2026-08-06 16:00:00,527.647042253521,L/s,1786032000000
MSR 19,2026-08-06 22:00:00,523.4697222222225,L/s,1786053600000
MSR 19,2026-08-07 04:00:00,530.242898550725,L/s,1786075200000
MSR 19,2026-08-07 10:00:00,523.6866666666666,L/s,1786096800000
MSR 19,2026-08-07 16:00:00,418.1463888888893,L/s,1786118400000
MSR 19,2026-08-07 22:00:00,334.2961111111111,L/s,1786140000000
MSR 19,2026-08-08 04:00:00,343.42842857142847,L/s,1786161600000
MSR 19,2026-08-08 10:00:00,342.97140845070425,L/s,1786183200000
MSR 19,2026-08-08 16:00:00,341.07197183098594,L/s,1786204800000
MSR 19,2026-08-08 22:00:00,337.4633802816902,L/s,1786226400000
MSR 19,2026-08-09 04:00:00,330.85388888888906,L/s,1786248000000
MSR 19,2026-08-09 10:00:00,321.3202816901408,L/s,1786269600000
MSR 19,2026-08-09 16:00:00,308.23749999999995,L/s,1786291200000
MSR 19,2026-08-09 22:00:00,329.02408450704246,L/s,1786312800000
MSR 19,2026-08-10 04:00:00,331.04,L/s,1786334400000
MSR 19,2026-08-10 10:00:00,337.80802816901405,L/s,1786356000000
MSR 19,2026-08-10 16:00:00,610.2174285714286,L/s,1786377600000
MSR 19,2026-08-10 22:00:00,589.6022857142859,L/s,1786399200000
MSR 19,2026-08-11 04:00:00,580.4070000000002,L/s,1786420800000
MSR 19,2026-08-11 10:00:00,568.2853521126757,L/s,1786442400000
MSR 19,2026-08-11 16:00:00,484.92915492957735,L/s,1786464000000
MSR 19,2026-08-11 22:00:00,421.0197183098594,L/s,1786485600000
MSR 19,2026-08-12 04:00:00,425.3385915492958,L/s,1786507200000
MSR 19,2026-08-12 10:00:00,515.798309859155,L/s,1786528800000
MSR 19,2026-08-12 16:00:00,715.7040845070425,L/s,1786550400000
MSR 19,2026-08-12 22:00:00,728.217042253521,L/s,1786572000000
MSR 19,2026-08-13 04:00:00,766.3157142857144,L/s,1786593600000
MSR 19,2026-08-13 10:00:00,770.8452857142856,L/s,1786615200000
MSR 19,2026-08-13 16:00:00,540.7312499999998,L/s,1786636800000
MSR 19,2026-08-13 22:00:00,844.8776811594195,L/s,1786658400000
MSR 19,2026-08-14 04:00:00,886.879999999999,L/s,1786680000000
MSR 19,2026-08-14 10:00:00,776.4498591549301,L/s,1786701600000
MSR 19,2026-08-14 16:00:00,523.2933802816902,L/s,1786723200000
MSR 19,2026-08-14 22:00:00,210.48333333333335,L/s,1786744800000
MSR 19,2026-08-15 04:00:00,214.76124999999996,L/s,1786766400000
MSR 19,2026-08-15 10:00:00,224.65028169014087,L/s,1786788000000
MSR 19,2026-08-15 16:00:00,259.62028169014076,L/s,1786809600000
MSR 19,2026-08-15 22:00:00,261.5294366197182,L/s,1786831200000
MSR 19,2026-08-16 04:00:00,246.7554166666666,L/s,1786852800000
MSR 19,2026-08-16 10:00:00,240.8300000000001,L/s,1786874400000
MSR 19,2026-08-16 16:00:00,221.8688732394367,L/s,1786896000000
MSR 19,2026-08-16 22:00:00,220.95814285714286,L/s,1786917600000
MSR 19,2026-08-17 04:00:00,221.70676056338033,L/s,1786939200000
MSR 19,2026-08-17 10:00:00,229.394366197183,L/s,1786960800000
MSR 19,2026-08-17 16:00:00,225.90449275362317,L/s,1786982400000
MSR 17,2026-08-02 21:47:15,110.00999999999999,L/s,1785707235000
MSR 17,2026-08-02 22:00:00,115.84788732394378,L/s,1785708000000
MSR 17,2026-08-03 04:00:00,120.07042857142862,L/s,1785729600000
MSR 17,2026-08-03 10:00:00,178.1485915492958,L/s,1785751200000
MSR 17,2026-08-03 16:00:00,203.47816901408464,L/s,1785772800000
MSR 17,2026-08-03 22:00:00,207.1306944444444,L/s,1785794400000
MSR 17,2026-08-04 04:00:00,204.72098591549323,L/s,1785816000000
MSR 17,2026-08-04 10:00:00,266.17111111111103,L/s,1785837600000
MSR 17,2026-08-04 16:00:00,295.4433333333334,L/s,1785859200000
MSR 17,2026-08-04 22:00:00,302.20140845070426,L/s,1785880800000
MSR 17,2026-08-05 04:00:00,298.6705555555554,L/s,1785902400000
MSR 17,2026-08-05 10:00:00,294.172676056338,L/s,1785924000000
MSR 17,2026-08-05 16:00:00,284.07069444444437,L/s,1785945600000
MSR 17,2026-08-05 22:00:00,280.67083333333335,L/s,1785967200000
MSR 17,2026-08-06 04:00:00,299.1090277777777,L/s,1785988800000
MSR 17,2026-08-06 10:00:00,300.2830985915491,L/s,1786010400000
MSR 17,2026-08-06 16:00:00,279.23887323943654,L/s,1786032000000
MSR 17,2026-08-06 22:00:00,279.5338888888889,L/s,1786053600000
MSR 17,2026-08-07 04:00:00,275.1076811594201,L/s,1786075200000
MSR 17,2026-08-07 10:00:00,276.4991666666666,L/s,1786096800000
MSR 17,2026-08-07 16:00:00,288.3340277777777,L/s,1786118400000
MSR 17,2026-08-07 22:00:00,292.3966666666665,L/s,1786140000000
MSR 17,2026-08-08 04:00:00,290.356857142857,L/s,1786161600000
MSR 17,2026-08-08 10:00:00,280.22014084507055,L/s,1786183200000
MSR 17,2026-08-08 16:00:00,272.5387323943664,L/s,1786204800000
MSR 17,2026-08-08 22:00:00,267.89845070422564,L/s,1786226400000
MSR 17,2026-08-09 04:00:00,263.32180555555567,L/s,1786248000000
MSR 17,2026-08-09 10:00:00,252.2250704225352,L/s,1786269600000
MSR 17,2026-08-09 16:00:00,249.11013888888868,L/s,1786291200000
MSR 17,2026-08-09 22:00:00,245.25704225352123,L/s,1786312800000
MSR 17,2026-08-10 04:00:00,243.2112499999999,L/s,1786334400000
MSR 17,2026-08-10 10:00:00,238.40140845070437,L/s,1786356000000
MSR 17,2026-08-10 16:00:00,230.85685714285694,L/s,1786377600000
MSR 17,2026-08-10 22:00:00,225.6479999999996,L/s,1786399200000
MSR 17,2026-08-11 04:00:00,221.32485714285698,L/s,1786420800000
MSR 17,2026-08-11 10:00:00,218.17281690140842,L/s,1786442400000
MSR 17,2026-08-11 16:00:00,210.9492957746479,L/s,1786464000000
MSR 17,2026-08-11 22:00:00,205.13042253521135,L/s,1786485600000
MSR 17,2026-08-12 04:00:00,206.588732394366,L/s,1786507200000
MSR 17,2026-08-12 10:00:00,308.95690140845056,L/s,1786528800000
MSR 17,2026-08-12 16:00:00,350.867746478873,L/s,1786550400000
MSR 17,2026-08-12 22:00:00,358.091690140845,L/s,1786572000000
MSR 17,2026-08-13 04:00:00,367.68271428571444,L/s,1786593600000
MSR 17,2026-08-13 10:00:00,366.94342857142874,L/s,1786615200000
MSR 17,2026-08-13 16:00:00,363.3738888888892,L/s,1786636800000
MSR 17,2026-08-13 22:00:00,369.2664705882352,L/s,1786658400000
MSR 17,2026-08-14 04:00:00,404.31799999999987,L/s,1786680000000
MSR 17,2026-08-14 10:00:00,393.25521126760555,L/s,1786701600000
MSR 17,2026-08-14 16:00:00,150.46728571428568,L/s,1786723200000
MSR 17,2026-08-14 22:00:00,152.80402777777783,L/s,1786744800000
MSR 17,2026-08-15 04:00:00,154.73736111111089,L/s,1786766400000
MSR 17,2026-08-15 10:00:00,156.12915492957728,L/s,1786788000000
MSR 17,2026-08-15 16:00:00,176.8335211267607,L/s,1786809600000
MSR 17,2026-08-15 22:00:00,183.0111267605635,L/s,1786831200000
MSR 17,2026-08-16 04:00:00,173.53315068493146,L/s,1786852800000
MSR 17,2026-08-16 10:00:00,165.78802816901398,L/s,1786874400000
MSR 17,2026-08-16 16:00:00,161.8239436619718,L/s,1786896000000
MSR 17,2026-08-16 22:00:00,163.34299999999996,L/s,1786917600000
MSR 17,2026-08-17 04:00:00,160.94943661971823,L/s,1786939200000
MSR 17,2026-08-17 10:00:00,164.78414285714297,L/s,1786960800000
MSR 17,2026-08-17 16:00:00,162.13220588235288,L/s,1786982400000
MSR 16,2026-08-02 21:47:15,315.91999999999996,L/s,1785707235000
MSR 16,2026-08-02 22:00:00,319.82309859154935,L/s,1785708000000
MSR 16,2026-08-03 04:00:00,327.35200000000003,L/s,1785729600000
MSR 16,2026-08-03 10:00:00,319.75478873239416,L/s,1785751200000
MSR 16,2026-08-03 16:00:00,286.3764788732394,L/s,1785772800000
MSR 16,2026-08-03 22:00:00,278.8481944444446,L/s,1785794400000
MSR 16,2026-08-04 04:00:00,267.9352112676057,L/s,1785816000000
MSR 16,2026-08-04 10:00:00,229.8845833333334,L/s,1785837600000
MSR 16,2026-08-04 16:00:00,175.05291666666676,L/s,1785859200000
MSR 16,2026-08-04 22:00:00,169.6791549295775,L/s,1785880800000
MSR 16,2026-08-05 04:00:00,170.20999999999995,L/s,1785902400000
MSR 16,2026-08-05 10:00:00,173.06647887323967,L/s,1785924000000
MSR 16,2026-08-05 16:00:00,160.50722222222203,L/s,1785945600000
MSR 16,2026-08-05 22:00:00,157.82111111111112,L/s,1785967200000
MSR 16,2026-08-06 04:00:00,203.7406944444445,L/s,1785988800000
MSR 16,2026-08-06 10:00:00,206.20690140845062,L/s,1786010400000
MSR 16,2026-08-06 16:00:00,170.26126760563392,L/s,1786032000000
MSR 16,2026-08-06 22:00:00,183.5811111111109,L/s,1786053600000
MSR 16,2026-08-07 04:00:00,184.37275362318852,L/s,1786075200000
MSR 16,2026-08-07 10:00:00,182.1095833333335,L/s,1786096800000
MSR 16,2026-08-07 16:00:00,170.92250000000024,L/s,1786118400000
MSR 16,2026-08-07 22:00:00,174.13875000000016,L/s,1786140000000
MSR 16,2026-08-08 04:00:00,175.14428571428584,L/s,1786161600000
MSR 16,2026-08-08 10:00:00,175.3680281690142,L/s,1786183200000
MSR 16,2026-08-08 16:00:00,161.09295774647896,L/s,1786204800000
MSR 16,2026-08-08 22:00:00,187.49563380281703,L/s,1786226400000
MSR 16,2026-08-09 04:00:00,199.87111111111096,L/s,1786248000000
MSR 16,2026-08-09 10:00:00,203.23366197183094,L/s,1786269600000
MSR 16,2026-08-09 16:00:00,184.61861111111108,L/s,1786291200000
MSR 16,2026-08-09 22:00:00,203.22521126760552,L/s,1786312800000
MSR 16,2026-08-10 04:00:00,205.2276388888887,L/s,1786334400000
MSR 16,2026-08-10 10:00:00,206.43957746478873,L/s,1786356000000
MSR 16,2026-08-10 16:00:00,203.34685714285706,L/s,1786377600000
MSR 16,2026-08-10 22:00:00,207.34657142857142,L/s,1786399200000
MSR 16,2026-08-11 04:00:00,211.67999999999986,L/s,1786420800000
MSR 16,2026-08-11 10:00:00,212.02323943661983,L/s,1786442400000
MSR 16,2026-08-11 16:00:00,198.70605633802816,L/s,1786464000000
MSR 16,2026-08-11 22:00:00,210.05521126760587,L/s,1786485600000
MSR 16,2026-08-12 04:00:00,213.96577464788746,L/s,1786507200000
MSR 16,2026-08-12 10:00:00,211.962676056338,L/s,1786528800000
MSR 16,2026-08-12 16:00:00,195.1276056338028,L/s,1786550400000
MSR 16,2026-08-12 22:00:00,211.97704225352103,L/s,1786572000000
MSR 16,2026-08-13 04:00:00,238.29757142857144,L/s,1786593600000
MSR 16,2026-08-13 10:00:00,237.17999999999998,L/s,1786615200000
MSR 16,2026-08-13 16:00:00,234.1702777777779,L/s,1786636800000
MSR 16,2026-08-13 22:00:00,250.0784057971014,L/s,1786658400000
MSR 16,2026-08-14 04:00:00,230.7252857142858,L/s,1786680000000
MSR 16,2026-08-14 10:00:00,209.35676056338022,L/s,1786701600000
MSR 16,2026-08-14 16:00:00,202.27535211267596,L/s,1786723200000
MSR 16,2026-08-14 22:00:00,214.2546478873242,L/s,1786744800000
MSR 16,2026-08-15 04:00:00,218.70577464788738,L/s,1786766400000
MSR 16,2026-08-15 10:00:00,225.07449275362322,L/s,1786788000000
MSR 16,2026-08-15 16:00:00,569.7222535211266,L/s,1786809600000
MSR 16,2026-08-15 22:00:00,668.2422535211268,L/s,1786831200000
MSR 16,2026-08-16 04:00:00,418.97028169014095,L/s,1786852800000
MSR 16,2026-08-16 10:00:00,373.4567142857145,L/s,1786874400000
MSR 16,2026-08-16 16:00:00,341.422253521127,L/s,1786896000000
MSR 16,2026-08-16 22:00:00,340.892142857143,L/s,1786917600000
MSR 16,2026-08-17 04:00:00,341.15239436619726,L/s,1786939200000
MSR 16,2026-08-17 10:00:00,381.1627777777778,L/s,1786960800000
MSR 16,2026-08-17 16:00:00,318.62367647058807,L/s,1786982400000
Clon MarcoB,2026-08-02 21:47:15,944.4092356958323,L/s,1785707235000
Clon MarcoB,2026-08-02 22:00:00,935.8661203470239,L/s,1785708000000
Clon MarcoB,2026-08-03 04:00:00,947.1991136540224,L/s,1785729600000
Clon MarcoB,2026-08-03 10:00:00,950.1931516193314,L/s,1785751200000
Clon MarcoB,2026-08-03 16:00:00,957.3508611109642,L/s,1785772800000
Clon MarcoB,2026-08-03 22:00:00,880.9220512522254,L/s,1785794400000
Clon MarcoB,2026-08-04 04:00:00,877.1460116879151,L/s,1785816000000
Clon MarcoB,2026-08-04 10:00:00,868.3183971570154,L/s,1785837600000
Clon MarcoB,2026-08-04 16:00:00,854.5553116334461,L/s,1785859200000
Clon MarcoB,2026-08-04 22:00:00,849.8301401881948,L/s,1785880800000
Clon MarcoB,2026-08-05 04:00:00,853.0196910367214,L/s,1785902400000
Clon MarcoB,2026-08-05 10:00:00,893.3993729018255,L/s,1785924000000
Clon MarcoB,2026-08-05 16:00:00,892.671539128101,L/s,1785945600000
Clon MarcoB,2026-08-05 22:00:00,892.4155641844226,L/s,1785967200000
Clon MarcoB,2026-08-06 04:00:00,901.0140616269243,L/s,1785988800000
Clon MarcoB,2026-08-06 10:00:00,902.8852102670392,L/s,1786010400000
Clon MarcoB,2026-08-06 16:00:00,897.2973187499996,L/s,1786032000000
Clon MarcoB,2026-08-06 22:00:00,907.6413162250705,L/s,1786053600000
Clon MarcoB,2026-08-07 04:00:00,895.8909397558979,L/s,1786075200000
Clon MarcoB,2026-08-07 10:00:00,893.2333833097663,L/s,1786096800000
Clon MarcoB,2026-08-07 16:00:00,866.7368955530716,L/s,1786118400000
Clon MarcoB,2026-08-07 22:00:00,894.5369479804643,L/s,1786140000000
Clon MarcoB,2026-08-08 04:00:00,891.035450782715,L/s,1786161600000
Clon MarcoB,2026-08-08 10:00:00,885.713968360806,L/s,1786183200000
Clon MarcoB,2026-08-08 16:00:00,888.9266087472339,L/s,1786204800000
Clon MarcoB,2026-08-08 22:00:00,885.2343816300278,L/s,1786226400000
Clon MarcoB,2026-08-09 04:00:00,892.960802878054,L/s,1786248000000
Clon MarcoB,2026-08-09 10:00:00,892.9974048024268,L/s,1786269600000
Clon MarcoB,2026-08-09 16:00:00,892.5171468560342,L/s,1786291200000
Clon MarcoB,2026-08-09 22:00:00,892.5177265329254,L/s,1786312800000
Clon MarcoB,2026-08-10 04:00:00,887.4246747648068,L/s,1786334400000
Clon MarcoB,2026-08-10 10:00:00,874.7541457843739,L/s,1786356000000
Clon MarcoB,2026-08-10 16:00:00,824.6814664051253,L/s,1786377600000
Clon MarcoB,2026-08-10 22:00:00,812.697011209099,L/s,1786399200000
Clon MarcoB,2026-08-11 04:00:00,820.1926803274253,L/s,1786420800000
Clon MarcoB,2026-08-11 10:00:00,811.8357194482172,L/s,1786442400000
Clon MarcoB,2026-08-11 16:00:00,814.4293374202948,L/s,1786464000000
Clon MarcoB,2026-08-11 22:00:00,809.1037425305349,L/s,1786485600000
Clon MarcoB,2026-08-12 04:00:00,810.348139906644,L/s,1786507200000
Clon MarcoB,2026-08-12 10:00:00,805.5196707488744,L/s,1786528800000
Clon MarcoB,2026-08-12 16:00:00,805.5600092926542,L/s,1786550400000
Clon MarcoB,2026-08-12 22:00:00,824.5671338331905,L/s,1786572000000
Clon MarcoB,2026-08-13 04:00:00,850.9308582471687,L/s,1786593600000
Clon MarcoB,2026-08-13 10:00:00,836.9733915233782,L/s,1786615200000
Clon MarcoB,2026-08-13 16:00:00,2036.4859725929032,L/s,1786636800000
Clon MarcoB,2026-08-13 22:00:00,2188.4626789394965,L/s,1786658400000
Clon MarcoB,2026-08-14 04:00:00,844.1679435454784,L/s,1786680000000
Clon MarcoB,2026-08-14 10:00:00,842.4380788736042,L/s,1786701600000
Clon MarcoB,2026-08-14 16:00:00,2071.197323265379,L/s,1786723200000
Clon MarcoB,2026-08-14 22:00:00,845.0688885192127,L/s,1786744800000
Clon MarcoB,2026-08-15 04:00:00,848.204030747678,L/s,1786766400000
Clon MarcoB,2026-08-15 10:00:00,1581.3348186150336,L/s,1786788000000
Clon MarcoB,2026-08-15 16:00:00,981.8447254768791,L/s,1786809600000
Clon MarcoB,2026-08-15 22:00:00,847.0915156043276,L/s,1786831200000
Clon MarcoB,2026-08-16 04:00:00,845.0926863515656,L/s,1786852800000
Clon MarcoB,2026-08-16 10:00:00,845.1920579567211,L/s,1786874400000
Clon MarcoB,2026-08-16 16:00:00,849.2012886092188,L/s,1786896000000
Clon MarcoB,2026-08-16 22:00:00,851.8548096876868,L/s,1786917600000
Clon MarcoB,2026-08-17 04:00:00,858.3029542530192,L/s,1786939200000
Clon MarcoB,2026-08-17 10:00:00,842.4960073605752,L/s,1786960800000
Clon MarcoB,2026-08-17 16:00:00,813.3243056052319,L/s,1786982400000
MLI15,2026-08-06 16:00:00,76.62238031383941,L/s,1786032000000
MLI15,2026-08-06 22:00:00,73.26480360037814,L/s,1786053600000
MLI15,2026-08-07 04:00:00,69.19555950913352,L/s,1786075200000
MLI15,2026-08-07 10:00:00,69.86089928545668,L/s,1786096800000
MLI15,2026-08-07 16:00:00,65.45864232931767,L/s,1786118400000
MLI15,2026-08-07 22:00:00,52.29198310791557,L/s,1786140000000
MLI15,2026-08-08 04:00:00,48.62707242282797,L/s,1786161600000
MLI15,2026-08-08 10:00:00,50.252191936205094,L/s,1786183200000
MLI15,2026-08-08 16:00:00,48.54009639678997,L/s,1786204800000
MLI15,2026-08-08 22:00:00,48.50962896935136,L/s,1786226400000
MLI15,2026-08-09 04:00:00,48.76751461644486,L/s,1786248000000
MLI15,2026-08-09 10:00:00,57.079690459134206,L/s,1786269600000
MLI15,2026-08-09 16:00:00,58.1667537675573,L/s,1786291200000
MLI15,2026-08-09 22:00:00,51.7162065803787,L/s,1786312800000
MLI15,2026-08-10 04:00:00,51.22247900434384,L/s,1786334400000
MLI15,2026-08-10 10:00:00,53.22780469852521,L/s,1786356000000
MLI15,2026-08-10 16:00:00,52.51851901242656,L/s,1786377600000
MLI15,2026-08-10 22:00:00,45.044384723940865,L/s,1786399200000
MLI15,2026-08-12 16:00:00,283.99400880639905,L/s,1786550400000
MLI15,2026-08-12 22:00:00,288.3686318079498,L/s,1786572000000
MLI15,2026-08-13 04:00:00,291.9656690712797,L/s,1786593600000
MLI15,2026-08-13 10:00:00,314.5974142575838,L/s,1786615200000
MLI15,2026-08-13 16:00:00,300.39986220825375,L/s,1786636800000
MLI15,2026-08-13 22:00:00,261.48892091561436,L/s,1786658400000
MLI15,2026-08-14 04:00:00,254.92692300622403,L/s,1786680000000
MLI15,2026-08-14 10:00:00,269.9524791739269,L/s,1786701600000
MLI15,2026-08-14 16:00:00,315.2750407924412,L/s,1786723200000
MLI15,2026-08-14 22:00:00,299.6708811180669,L/s,1786744800000
MLI15,2026-08-15 04:00:00,271.85152784212113,L/s,1786766400000
MLI15,2026-08-17 16:00:00,14.330935605088946,L/s,1786982400000
MarcoB,2026-08-02 21:50:51,945.7658422988877,L/s,1785707451000
MarcoB,2026-08-02 22:00:00,935.6574308489458,L/s,1785708000000
MarcoB,2026-08-03 04:00:00,947.4815337461297,L/s,1785729600000
MarcoB,2026-08-03 10:00:00,949.8686518199588,L/s,1785751200000
MarcoB,2026-08-03 16:00:00,957.9518425547803,L/s,1785772800000
MarcoB,2026-08-03 22:00:00,881.0908386998793,L/s,1785794400000
MarcoB,2026-08-04 04:00:00,876.8241918046615,L/s,1785816000000
MarcoB,2026-08-04 10:00:00,868.3595286813348,L/s,1785837600000
MarcoB,2026-08-04 16:00:00,854.6997656953012,L/s,1785859200000
MarcoB,2026-08-04 22:00:00,849.8770650188458,L/s,1785880800000
MarcoB,2026-08-05 04:00:00,853.0484511428061,L/s,1785902400000
MarcoB,2026-08-05 10:00:00,893.6702285587669,L/s,1785924000000
MarcoB,2026-08-05 16:00:00,892.4059008889398,L/s,1785945600000
MarcoB,2026-08-05 22:00:00,892.6675527475376,L/s,1785967200000
MarcoB,2026-08-06 04:00:00,900.6581010714369,L/s,1785988800000
MarcoB,2026-08-06 10:00:00,903.1969341125916,L/s,1786010400000
MarcoB,2026-08-06 16:00:00,897.2973187499996,L/s,1786032000000
MarcoB,2026-08-06 22:00:00,906.556000508841,L/s,1786053600000
MarcoB,2026-08-07 04:00:00,895.3579956175795,L/s,1786075200000
MarcoB,2026-08-07 10:00:00,893.9648183041354,L/s,1786096800000
MarcoB,2026-08-07 16:00:00,885.365003230569,L/s,1786118400000
MarcoB,2026-08-07 22:00:00,889.2432049148857,L/s,1786140000000
MarcoB,2026-08-08 04:00:00,890.9599243447701,L/s,1786161600000
MarcoB,2026-08-08 10:00:00,886.0627663550742,L/s,1786183200000
MarcoB,2026-08-08 16:00:00,888.6876097030803,L/s,1786204800000
MarcoB,2026-08-08 22:00:00,885.2715336680421,L/s,1786226400000
MarcoB,2026-08-09 04:00:00,893.1054652526279,L/s,1786248000000
MarcoB,2026-08-09 10:00:00,893.4875365437854,L/s,1786269600000
MarcoB,2026-08-09 16:00:00,892.3902339979496,L/s,1786291200000
MarcoB,2026-08-09 22:00:00,892.5654295318714,L/s,1786312800000
MarcoB,2026-08-10 04:00:00,887.4981505064488,L/s,1786334400000
MarcoB,2026-08-10 10:00:00,874.8201478533814,L/s,1786356000000
MarcoB,2026-08-10 16:00:00,819.7592035944275,L/s,1786377600000
MarcoB,2026-08-10 22:00:00,812.7737928512153,L/s,1786399200000
MarcoB,2026-08-11 04:00:00,820.2479320530955,L/s,1786420800000
MarcoB,2026-08-11 10:00:00,811.9940273477716,L/s,1786442400000
MarcoB,2026-08-11 16:00:00,814.7099057912811,L/s,1786464000000
MarcoB,2026-08-11 22:00:00,809.228501435637,L/s,1786485600000
MarcoB,2026-08-12 04:00:00,809.9195697162783,L/s,1786507200000
MarcoB,2026-08-12 10:00:00,805.5276923006263,L/s,1786528800000
MarcoB,2026-08-12 16:00:00,805.2210023505005,L/s,1786550400000
MarcoB,2026-08-12 22:00:00,823.9276331611302,L/s,1786572000000
MarcoB,2026-08-13 04:00:00,850.6599946796669,L/s,1786593600000
MarcoB,2026-08-13 10:00:00,836.5837063698655,L/s,1786615200000
MarcoB,2026-08-13 16:00:00,832.7604401952472,L/s,1786636800000
MarcoB,2026-08-13 22:00:00,830.1030601667031,L/s,1786658400000
MarcoB,2026-08-14 04:00:00,843.342434952739,L/s,1786680000000
MarcoB,2026-08-14 10:00:00,842.2527749301526,L/s,1786701600000
MarcoB,2026-08-14 16:00:00,846.1899236888297,L/s,1786723200000
MarcoB,2026-08-14 22:00:00,839.9838200438371,L/s,1786744800000
MarcoB,2026-08-15 04:00:00,847.092575702017,L/s,1786766400000
MarcoB,2026-08-15 10:00:00,879.3416642258376,L/s,1786788000000
MarcoB,2026-08-15 16:00:00,969.2654413361402,L/s,1786809600000
MarcoB,2026-08-15 22:00:00,847.170962114298,L/s,1786831200000
MarcoB,2026-08-16 04:00:00,844.5327139718243,L/s,1786852800000
MarcoB,2026-08-16 10:00:00,845.3696708337295,L/s,1786874400000
MarcoB,2026-08-16 16:00:00,849.0327747086316,L/s,1786896000000
MarcoB,2026-08-16 22:00:00,852.0090808980211,L/s,1786917600000
MarcoB,2026-08-17 04:00:00,858.0810502139944,L/s,1786939200000
MarcoB,2026-08-17 10:00:00,842.2414828346866,L/s,1786960800000
MarcoB,2026-08-17 16:00:00,812.9242852906268,L/s,1786982400000
MSR 12,2026-08-02 21:50:51,120.75,L/s,1785707451000
MSR 12,2026-08-02 22:00:00,121.36704225352122,L/s,1785708000000
MSR 12,2026-08-03 04:00:00,122.88042857142864,L/s,1785729600000
MSR 12,2026-08-03 10:00:00,101.59507042253527,L/s,1785751200000
MSR 12,2026-08-03 16:00:00,79.08014084507046,L/s,1785772800000
MSR 12,2026-08-03 22:00:00,74.4893055555556,L/s,1785794400000
MSR 12,2026-08-04 04:00:00,73.96056338028171,L/s,1785816000000
MSR 12,2026-08-04 10:00:00,74.76277777777779,L/s,1785837600000
MSR 12,2026-08-04 16:00:00,69.13375000000002,L/s,1785859200000
MSR 12,2026-08-04 22:00:00,63.86507042253524,L/s,1785880800000
MSR 12,2026-08-05 04:00:00,64.87236111111115,L/s,1785902400000
MSR 12,2026-08-05 10:00:00,66.52014084507043,L/s,1785924000000
MSR 12,2026-08-05 16:00:00,61.72972222222221,L/s,1785945600000
MSR 12,2026-08-05 22:00:00,63.403888888888886,L/s,1785967200000
MSR 12,2026-08-06 04:00:00,93.04749999999999,L/s,1785988800000
MSR 12,2026-08-06 10:00:00,80.26507042253519,L/s,1786010400000
MSR 12,2026-08-06 16:00:00,73.03197183098594,L/s,1786032000000
MSR 12,2026-08-06 22:00:00,70.76305555555555,L/s,1786053600000
MSR 12,2026-08-07 04:00:00,70.542463768116,L/s,1786075200000
MSR 12,2026-08-07 10:00:00,68.35277777777782,L/s,1786096800000
MSR 12,2026-08-07 16:00:00,57.071527777777796,L/s,1786118400000
MSR 12,2026-08-07 22:00:00,53.21388888888891,L/s,1786140000000
MSR 12,2026-08-08 04:00:00,53.67457142857148,L/s,1786161600000
MSR 12,2026-08-08 10:00:00,52.84887323943664,L/s,1786183200000
MSR 12,2026-08-08 16:00:00,52.1842253521127,L/s,1786204800000
MSR 12,2026-08-08 22:00:00,52.57563380281692,L/s,1786226400000
MSR 12,2026-08-09 04:00:00,53.35750000000005,L/s,1786248000000
MSR 12,2026-08-09 10:00:00,52.67422535211268,L/s,1786269600000
MSR 12,2026-08-09 16:00:00,53.185000000000024,L/s,1786291200000
MSR 12,2026-08-09 22:00:00,54.15436619718311,L/s,1786312800000
MSR 12,2026-08-10 04:00:00,55.88000000000002,L/s,1786334400000
MSR 12,2026-08-10 10:00:00,57.00845070422536,L/s,1786356000000
MSR 12,2026-08-10 16:00:00,54.453142857142865,L/s,1786377600000
MSR 12,2026-08-10 22:00:00,53.85957142857146,L/s,1786399200000
MSR 12,2026-08-11 04:00:00,55.412999999999954,L/s,1786420800000
MSR 12,2026-08-11 10:00:00,56.376197183098526,L/s,1786442400000
MSR 12,2026-08-11 16:00:00,55.29676056338027,L/s,1786464000000
MSR 12,2026-08-11 22:00:00,56.84098591549296,L/s,1786485600000
MSR 12,2026-08-12 04:00:00,58.52887323943662,L/s,1786507200000
MSR 12,2026-08-12 10:00:00,58.35901408450704,L/s,1786528800000
MSR 12,2026-08-12 16:00:00,58.86577464788733,L/s,1786550400000
MSR 12,2026-08-12 22:00:00,58.86154929577465,L/s,1786572000000
MSR 12,2026-08-13 04:00:00,71.43871428571431,L/s,1786593600000
MSR 12,2026-08-13 10:00:00,69.86328571428574,L/s,1786615200000
MSR 12,2026-08-13 16:00:00,58.603521126760555,L/s,1786636800000
MSR 12,2026-08-13 22:00:00,61.54188405797103,L/s,1786658400000
MSR 12,2026-08-14 04:00:00,62.80492753623189,L/s,1786680000000
MSR 12,2026-08-14 10:00:00,62.91323943661973,L/s,1786701600000
MSR 12,2026-08-14 16:00:00,60.23225352112677,L/s,1786723200000
MSR 12,2026-08-14 22:00:00,60.8176388888889,L/s,1786744800000
MSR 12,2026-08-15 04:00:00,61.09694444444444,L/s,1786766400000
MSR 12,2026-08-15 10:00:00,63.749718309859176,L/s,1786788000000
MSR 12,2026-08-15 16:00:00,278.4335211267606,L/s,1786809600000
MSR 12,2026-08-15 22:00:00,246.32295774647886,L/s,1786831200000
MSR 12,2026-08-16 04:00:00,108.84111111111116,L/s,1786852800000
MSR 12,2026-08-16 10:00:00,92.35985714285715,L/s,1786874400000
MSR 12,2026-08-16 16:00:00,86.09914285714288,L/s,1786896000000
MSR 12,2026-08-16 22:00:00,83.65957142857144,L/s,1786917600000
MSR 12,2026-08-17 04:00:00,84.48873239436624,L/s,1786939200000
MSR 12,2026-08-17 10:00:00,96.78070422535212,L/s,1786960800000
MSR 12,2026-08-17 16:00:00,84.15157142857143,L/s,1786982400000
Marco La Cuncuna,2026-08-02 21:50:51,7523.99,L/s,1785707451000
Marco La Cuncuna,2026-08-02 22:00:00,7536.68746478873,L/s,1785708000000
Marco La Cuncuna,2026-08-03 04:00:00,7542.423571428569,L/s,1785729600000
Marco La Cuncuna,2026-08-03 10:00:00,7531.596760563379,L/s,1785751200000
Marco La Cuncuna,2026-08-03 16:00:00,7523.246478873238,L/s,1785772800000
Marco La Cuncuna,2026-08-03 22:00:00,7498.200972222218,L/s,1785794400000
Marco La Cuncuna,2026-08-04 04:00:00,7529.9176056337965,L/s,1785816000000
Marco La Cuncuna,2026-08-04 10:00:00,7600.946249999995,L/s,1785837600000
Marco La Cuncuna,2026-08-04 16:00:00,7618.4498611111085,L/s,1785859200000
Marco La Cuncuna,2026-08-04 22:00:00,7654.061830985916,L/s,1785880800000
Marco La Cuncuna,2026-08-05 04:00:00,7695.947777777776,L/s,1785902400000
Marco La Cuncuna,2026-08-05 10:00:00,7690.82690140845,L/s,1785924000000
Marco La Cuncuna,2026-08-05 16:00:00,7645.144166666663,L/s,1785945600000
Marco La Cuncuna,2026-08-05 22:00:00,7622.634999999998,L/s,1785967200000
Marco La Cuncuna,2026-08-06 04:00:00,7524.531111111104,L/s,1785988800000
Marco La Cuncuna,2026-08-06 10:00:00,7595.524366197186,L/s,1786010400000
Marco La Cuncuna,2026-08-06 16:00:00,7550.316478873234,L/s,1786032000000
Marco La Cuncuna,2026-08-06 22:00:00,7530.4716666666645,L/s,1786053600000
Marco La Cuncuna,2026-08-07 04:00:00,7524.6914492753585,L/s,1786075200000
Marco La Cuncuna,2026-08-07 10:00:00,7502.5751388888875,L/s,1786096800000
Marco La Cuncuna,2026-08-07 16:00:00,6890.467222222221,L/s,1786118400000
Marco La Cuncuna,2026-08-07 22:00:00,7381.067916666667,L/s,1786140000000
Marco La Cuncuna,2026-08-08 04:00:00,3998.6554285714296,L/s,1786161600000
Marco La Cuncuna,2026-08-08 10:00:00,1249.7340845070419,L/s,1786183200000
Marco La Cuncuna,2026-08-08 16:00:00,1794.1843661971836,L/s,1786204800000
Marco La Cuncuna,2026-08-08 22:00:00,3506.917605633808,L/s,1786226400000
Marco La Cuncuna,2026-08-09 04:00:00,1259.1618055555546,L/s,1786248000000
Marco La Cuncuna,2026-08-09 10:00:00,1797.5511267605632,L/s,1786269600000
Marco La Cuncuna,2026-08-09 16:00:00,1257.6969444444442,L/s,1786291200000
Marco La Cuncuna,2026-08-09 22:00:00,1685.6325352112676,L/s,1786312800000
Marco La Cuncuna,2026-08-10 04:00:00,3545.7423611111108,L/s,1786334400000
Marco La Cuncuna,2026-08-10 10:00:00,4797.947042253523,L/s,1786356000000
Marco La Cuncuna,2026-08-10 16:00:00,1672.546428571427,L/s,1786377600000
Marco La Cuncuna,2026-08-10 22:00:00,1851.940714285713,L/s,1786399200000
Marco La Cuncuna,2026-08-11 04:00:00,3277.597142857143,L/s,1786420800000
Marco La Cuncuna,2026-08-11 10:00:00,4296.827464788733,L/s,1786442400000
Marco La Cuncuna,2026-08-11 16:00:00,1879.4450704225362,L/s,1786464000000
Marco La Cuncuna,2026-08-11 22:00:00,3561.644225352116,L/s,1786485600000
Marco La Cuncuna,2026-08-12 04:00:00,2165.3932394366193,L/s,1786507200000
Marco La Cuncuna,2026-08-12 10:00:00,1898.7271830985903,L/s,1786528800000
Marco La Cuncuna,2026-08-12 16:00:00,7106.293857142855,L/s,1786550400000
Marco La Cuncuna,2026-08-12 22:00:00,7712.779436619718,L/s,1786572000000
Marco La Cuncuna,2026-08-13 04:00:00,7900.5127142857145,L/s,1786593600000
Marco La Cuncuna,2026-08-13 10:00:00,7861.058857142857,L/s,1786615200000
Marco La Cuncuna,2026-08-13 16:00:00,7754.661250000001,L/s,1786636800000
Marco La Cuncuna,2026-08-13 22:00:00,7793.241911764707,L/s,1786658400000
Marco La Cuncuna,2026-08-14 04:00:00,7823.233676470589,L/s,1786680000000
Marco La Cuncuna,2026-08-14 10:00:00,7840.748169014086,L/s,1786701600000
Marco La Cuncuna,2026-08-14 16:00:00,3291.2598591549336,L/s,1786723200000
Marco La Cuncuna,2026-08-14 22:00:00,1323.2236111111104,L/s,1786744800000
Marco La Cuncuna,2026-08-15 04:00:00,1339.557222222221,L/s,1786766400000
Marco La Cuncuna,2026-08-15 10:00:00,1402.736338028169,L/s,1786788000000
Marco La Cuncuna,2026-08-15 16:00:00,1679.0756338028173,L/s,1786809600000
Marco La Cuncuna,2026-08-15 22:00:00,7259.632676056337,L/s,1786831200000
Marco La Cuncuna,2026-08-16 04:00:00,4397.834027777782,L/s,1786852800000
Marco La Cuncuna,2026-08-16 10:00:00,1309.699714285714,L/s,1786874400000
Marco La Cuncuna,2026-08-16 16:00:00,2880.1945070422544,L/s,1786896000000
Marco La Cuncuna,2026-08-16 22:00:00,5300.864000000003,L/s,1786917600000
Marco La Cuncuna,2026-08-17 04:00:00,4439.943943661973,L/s,1786939200000
Marco La Cuncuna,2026-08-17 10:00:00,4241.846760563381,L/s,1786960800000
Marco La Cuncuna,2026-08-17 16:00:00,6801.1507142857145,L/s,1786982400000
MLI 1,2026-08-02 21:50:51,532.23,L/s,1785707451000
MLI 1,2026-08-02 22:00:00,535.4661971830984,L/s,1785708000000
MLI 1,2026-08-03 04:00:00,541.2448571428571,L/s,1785729600000
MLI 1,2026-08-03 10:00:00,516.0233802816896,L/s,1785751200000
MLI 1,2026-08-03 16:00:00,375.8811267605635,L/s,1785772800000
MLI 1,2026-08-03 22:00:00,405.7613888888889,L/s,1785794400000
MLI 1,2026-08-04 04:00:00,412.38647887323947,L/s,1785816000000
MLI 1,2026-08-04 10:00:00,413.93291666666664,L/s,1785837600000
MLI 1,2026-08-04 16:00:00,395.61222222222233,L/s,1785859200000
MLI 1,2026-08-04 22:00:00,416.5704225352115,L/s,1785880800000
MLI 1,2026-08-05 04:00:00,418.01319444444465,L/s,1785902400000
MLI 1,2026-08-05 10:00:00,431.6642253521127,L/s,1785924000000
MLI 1,2026-08-05 16:00:00,416.6200000000001,L/s,1785945600000
MLI 1,2026-08-05 22:00:00,441.16555555555556,L/s,1785967200000
MLI 1,2026-08-06 04:00:00,442.93708333333325,L/s,1785988800000
MLI 1,2026-08-06 10:00:00,416.1092957746479,L/s,1786010400000
MLI 1,2026-08-06 16:00:00,386.8136619718312,L/s,1786032000000
MLI 1,2026-08-06 22:00:00,440.9283333333332,L/s,1786053600000
MLI 1,2026-08-07 04:00:00,443.95884057971017,L/s,1786075200000
MLI 1,2026-08-07 10:00:00,426.4606944444446,L/s,1786096800000
MLI 1,2026-08-07 16:00:00,407.64444444444445,L/s,1786118400000
MLI 1,2026-08-07 22:00:00,436.38652777777753,L/s,1786140000000
MLI 1,2026-08-08 04:00:00,439.9085714285714,L/s,1786161600000
MLI 1,2026-08-08 10:00:00,411.42830985915487,L/s,1786183200000
MLI 1,2026-08-08 16:00:00,386.18450704225353,L/s,1786204800000
MLI 1,2026-08-08 22:00:00,440.3294366197182,L/s,1786226400000
MLI 1,2026-08-09 04:00:00,448.3079166666668,L/s,1786248000000
MLI 1,2026-08-09 10:00:00,416.214647887324,L/s,1786269600000
MLI 1,2026-08-09 16:00:00,386.8116666666668,L/s,1786291200000
MLI 1,2026-08-09 22:00:00,445.09408450704234,L/s,1786312800000
MLI 1,2026-08-10 04:00:00,440.5480555555554,L/s,1786334400000
MLI 1,2026-08-10 10:00:00,430.99154929577486,L/s,1786356000000
MLI 1,2026-08-10 16:00:00,396.27942857142875,L/s,1786377600000
MLI 1,2026-08-10 22:00:00,405.70885714285714,L/s,1786399200000
MLI 1,2026-08-11 04:00:00,411.53,L/s,1786420800000
MLI 1,2026-08-11 10:00:00,402.2585915492961,L/s,1786442400000
MLI 1,2026-08-11 16:00:00,377.23338028169036,L/s,1786464000000
MLI 1,2026-08-11 22:00:00,407.9284507042255,L/s,1786485600000
MLI 1,2026-08-12 04:00:00,409.3060563380283,L/s,1786507200000
MLI 1,2026-08-12 10:00:00,383.6140845070422,L/s,1786528800000
MLI 1,2026-08-12 16:00:00,352.0984507042254,L/s,1786550400000
MLI 1,2026-08-12 22:00:00,423.3254166666668,L/s,1786572000000
MLI 1,2026-08-13 04:00:00,448.46471428571436,L/s,1786593600000
MLI 1,2026-08-13 10:00:00,431.3595714285715,L/s,1786615200000
MLI 1,2026-08-13 16:00:00,432.20486111111103,L/s,1786636800000
MLI 1,2026-08-13 22:00:00,443.7401449275363,L/s,1786658400000
MLI 1,2026-08-14 04:00:00,448.73671428571424,L/s,1786680000000
MLI 1,2026-08-14 10:00:00,432.0532857142859,L/s,1786701600000
MLI 1,2026-08-14 16:00:00,429.9153521126759,L/s,1786723200000
MLI 1,2026-08-14 22:00:00,451.25180555555556,L/s,1786744800000
MLI 1,2026-08-15 04:00:00,455.7737500000002,L/s,1786766400000
MLI 1,2026-08-15 10:00:00,467.443623188406,L/s,1786788000000
MLI 1,2026-08-15 16:00:00,515.5367605633803,L/s,1786809600000
MLI 1,2026-08-15 22:00:00,453.45718309859177,L/s,1786831200000
MLI 1,2026-08-16 04:00:00,454.86013888888897,L/s,1786852800000
MLI 1,2026-08-16 10:00:00,436.6159154929578,L/s,1786874400000
MLI 1,2026-08-16 16:00:00,412.96267605633795,L/s,1786896000000
MLI 1,2026-08-16 22:00:00,459.3777142857145,L/s,1786917600000
MLI 1,2026-08-17 04:00:00,464.347605633803,L/s,1786939200000
MLI 1,2026-08-17 10:00:00,445.0457352941178,L/s,1786960800000
MLI 1,2026-08-17 16:00:00,372.8639130434784,L/s,1786982400000
Marco C,2026-08-02 21:50:51,350.07,L/s,1785707451000
Marco C,2026-08-02 22:00:00,368.1597183098594,L/s,1785708000000
Marco C,2026-08-03 04:00:00,363.5867142857143,L/s,1785729600000
Marco C,2026-08-03 10:00:00,366.5288732394366,L/s,1785751200000
Marco C,2026-08-03 16:00:00,317.53985915492945,L/s,1785772800000
Marco C,2026-08-03 22:00:00,311.20041666666657,L/s,1785794400000
Marco C,2026-08-04 04:00:00,309.6101388888889,L/s,1785816000000
Marco C,2026-08-04 10:00:00,302.67541666666665,L/s,1785837600000
Marco C,2026-08-04 16:00:00,288.0193055555555,L/s,1785859200000
Marco C,2026-08-04 22:00:00,299.65760563380263,L/s,1785880800000
Marco C,2026-08-05 04:00:00,301.8141666666665,L/s,1785902400000
Marco C,2026-08-05 10:00:00,309.7002816901409,L/s,1785924000000
Marco C,2026-08-05 16:00:00,300.4748611111111,L/s,1785945600000
Marco C,2026-08-05 22:00:00,315.8908333333333,L/s,1785967200000
Marco C,2026-08-06 04:00:00,320.35833333333335,L/s,1785988800000
Marco C,2026-08-06 10:00:00,300.5392957746481,L/s,1786010400000
Marco C,2026-08-06 16:00:00,279.905352112676,L/s,1786032000000
Marco C,2026-08-06 22:00:00,311.3773611111111,L/s,1786053600000
Marco C,2026-08-07 04:00:00,310.0997101449275,L/s,1786075200000
Marco C,2026-08-07 10:00:00,304.8026388888888,L/s,1786096800000
Marco C,2026-08-07 16:00:00,293.0841666666666,L/s,1786118400000
Marco C,2026-08-07 22:00:00,306.6954166666667,L/s,1786140000000
Marco C,2026-08-08 04:00:00,307.74299999999994,L/s,1786161600000
Marco C,2026-08-08 10:00:00,297.22943661971834,L/s,1786183200000
Marco C,2026-08-08 16:00:00,273.44084507042254,L/s,1786204800000
Marco C,2026-08-08 22:00:00,300.34394366197165,L/s,1786226400000
Marco C,2026-08-09 04:00:00,306.11611111111097,L/s,1786248000000
Marco C,2026-08-09 10:00:00,294.24211267605637,L/s,1786269600000
Marco C,2026-08-09 16:00:00,277.1977777777777,L/s,1786291200000
Marco C,2026-08-09 22:00:00,304.0419718309858,L/s,1786312800000
Marco C,2026-08-10 04:00:00,306.9922222222222,L/s,1786334400000
Marco C,2026-08-10 10:00:00,303.54267605633805,L/s,1786356000000
Marco C,2026-08-10 16:00:00,287.84742857142845,L/s,1786377600000
Marco C,2026-08-10 22:00:00,294.6525714285714,L/s,1786399200000
Marco C,2026-08-11 04:00:00,296.9975714285713,L/s,1786420800000
Marco C,2026-08-11 10:00:00,289.897323943662,L/s,1786442400000
Marco C,2026-08-11 16:00:00,273.7888732394366,L/s,1786464000000
Marco C,2026-08-11 22:00:00,290.0795774647888,L/s,1786485600000
Marco C,2026-08-12 04:00:00,288.87676056338034,L/s,1786507200000
Marco C,2026-08-12 10:00:00,281.90309859154934,L/s,1786528800000
Marco C,2026-08-12 16:00:00,259.8022535211268,L/s,1786550400000
Marco C,2026-08-12 22:00:00,292.05295774647885,L/s,1786572000000
Marco C,2026-08-13 04:00:00,316.8387142857141,L/s,1786593600000
Marco C,2026-08-13 10:00:00,313.2626086956522,L/s,1786615200000
Marco C,2026-08-13 16:00:00,312.2253521126759,L/s,1786636800000
Marco C,2026-08-13 22:00:00,313.4234782608695,L/s,1786658400000
Marco C,2026-08-14 04:00:00,315.53942857142846,L/s,1786680000000
Marco C,2026-08-14 10:00:00,309.7654285714283,L/s,1786701600000
Marco C,2026-08-14 16:00:00,303.7642253521127,L/s,1786723200000
Marco C,2026-08-14 22:00:00,319.13225352112687,L/s,1786744800000
Marco C,2026-08-15 04:00:00,317.9998611111111,L/s,1786766400000
Marco C,2026-08-15 10:00:00,330.96239436619715,L/s,1786788000000
Marco C,2026-08-15 16:00:00,382.27771428571424,L/s,1786809600000
Marco C,2026-08-15 22:00:00,313.68267605633787,L/s,1786831200000
Marco C,2026-08-16 04:00:00,311.9702816901409,L/s,1786852800000
Marco C,2026-08-16 10:00:00,302.98577464788735,L/s,1786874400000
Marco C,2026-08-16 16:00:00,288.9964788732395,L/s,1786896000000
Marco C,2026-08-16 22:00:00,313.86914285714283,L/s,1786917600000
Marco C,2026-08-17 04:00:00,314.6352112676057,L/s,1786939200000
Marco C,2026-08-17 10:00:00,306.68352112676064,L/s,1786960800000
Marco C,2026-08-17 16:00:00,262.8763768115943,L/s,1786982400000
MEL 1,2026-08-02 21:50:51,17.94,L/s,1785707451000
MEL 1,2026-08-02 22:00:00,17.80126760563382,L/s,1785708000000
MEL 1,2026-08-03 04:00:00,18.110285714285716,L/s,1785729600000
MEL 1,2026-08-03 10:00:00,18.973380281690133,L/s,1785751200000
MEL 1,2026-08-03 16:00:00,17.149718309859153,L/s,1785772800000
MEL 1,2026-08-03 22:00:00,15.315833333333323,L/s,1785794400000
MEL 1,2026-08-04 04:00:00,15.133239436619716,L/s,1785816000000
MEL 1,2026-08-04 10:00:00,14.848333333333338,L/s,1785837600000
MEL 1,2026-08-04 16:00:00,13.695972222222231,L/s,1785859200000
MEL 1,2026-08-04 22:00:00,14.490985915492956,L/s,1785880800000
MEL 1,2026-08-05 04:00:00,14.635833333333336,L/s,1785902400000
MEL 1,2026-08-05 10:00:00,15.539154929577471,L/s,1785924000000
MEL 1,2026-08-05 16:00:00,14.522638888888897,L/s,1785945600000
MEL 1,2026-08-05 22:00:00,15.70013888888889,L/s,1785967200000
MEL 1,2026-08-06 04:00:00,16.448055555555566,L/s,1785988800000
MEL 1,2026-08-06 10:00:00,15.778450704225362,L/s,1786010400000
MEL 1,2026-08-06 16:00:00,14.047887323943668,L/s,1786032000000
MEL 1,2026-08-06 22:00:00,15.44083333333333,L/s,1786053600000
MEL 1,2026-08-07 04:00:00,15.635942028985513,L/s,1786075200000
MEL 1,2026-08-07 10:00:00,15.18333333333334,L/s,1786096800000
MEL 1,2026-08-07 16:00:00,14.207777777777775,L/s,1786118400000
MEL 1,2026-08-07 22:00:00,14.995277777777769,L/s,1786140000000
MEL 1,2026-08-08 04:00:00,15.168571428571427,L/s,1786161600000
MEL 1,2026-08-08 10:00:00,14.884507042253533,L/s,1786183200000
MEL 1,2026-08-08 16:00:00,13.669577464788741,L/s,1786204800000
MEL 1,2026-08-08 22:00:00,14.959295774647892,L/s,1786226400000
MEL 1,2026-08-09 04:00:00,15.304583333333332,L/s,1786248000000
MEL 1,2026-08-09 10:00:00,15.509295774647882,L/s,1786269600000
MEL 1,2026-08-09 16:00:00,13.743888888888893,L/s,1786291200000
MEL 1,2026-08-09 22:00:00,15.262816901408458,L/s,1786312800000
MEL 1,2026-08-10 04:00:00,15.091111111111111,L/s,1786334400000
MEL 1,2026-08-10 10:00:00,15.223380281690142,L/s,1786356000000
MEL 1,2026-08-10 16:00:00,13.879142857142858,L/s,1786377600000
MEL 1,2026-08-10 22:00:00,14.257000000000005,L/s,1786399200000
MEL 1,2026-08-11 04:00:00,14.478428571428568,L/s,1786420800000
MEL 1,2026-08-11 10:00:00,14.074084507042258,L/s,1786442400000
MEL 1,2026-08-11 16:00:00,13.271971830985928,L/s,1786464000000
MEL 1,2026-08-11 22:00:00,14.05042253521127,L/s,1786485600000
MEL 1,2026-08-12 04:00:00,14.028873239436628,L/s,1786507200000
MEL 1,2026-08-12 10:00:00,13.906901408450711,L/s,1786528800000
MEL 1,2026-08-12 16:00:00,12.725492957746487,L/s,1786550400000
MEL 1,2026-08-12 22:00:00,14.595774647887334,L/s,1786572000000
MEL 1,2026-08-13 04:00:00,16.690285714285718,L/s,1786593600000
MEL 1,2026-08-13 10:00:00,15.513571428571433,L/s,1786615200000
MEL 1,2026-08-13 16:00:00,15.228169014084507,L/s,1786636800000
MEL 1,2026-08-13 22:00:00,16.024057971014496,L/s,1786658400000
MEL 1,2026-08-14 04:00:00,15.936571428571437,L/s,1786680000000
MEL 1,2026-08-14 10:00:00,15.510140845070422,L/s,1786701600000
MEL 1,2026-08-14 16:00:00,15.102535211267602,L/s,1786723200000
MEL 1,2026-08-14 22:00:00,15.891666666666676,L/s,1786744800000
MEL 1,2026-08-15 04:00:00,16.089999999999996,L/s,1786766400000
MEL 1,2026-08-15 10:00:00,17.576197183098596,L/s,1786788000000
MEL 1,2026-08-15 16:00:00,22.814788732394362,L/s,1786809600000
MEL 1,2026-08-15 22:00:00,15.57915492957747,L/s,1786831200000
MEL 1,2026-08-16 04:00:00,15.110704225352118,L/s,1786852800000
MEL 1,2026-08-16 10:00:00,14.927605633802825,L/s,1786874400000
MEL 1,2026-08-16 16:00:00,13.926086956521747,L/s,1786896000000
MEL 1,2026-08-16 22:00:00,15.421449275362324,L/s,1786917600000
MEL 1,2026-08-17 04:00:00,15.641126760563386,L/s,1786939200000
MEL 1,2026-08-17 10:00:00,15.158591549295782,L/s,1786960800000
MEL 1,2026-08-17 16:00:00,12.528405797101447,L/s,1786982400000
MEL 4,2026-08-02 21:50:51,259.58,L/s,1785707451000
MEL 4,2026-08-02 22:00:00,259.93450704225353,L/s,1785708000000
MEL 4,2026-08-03 04:00:00,262.70971428571437,L/s,1785729600000
MEL 4,2026-08-03 10:00:00,274.371267605634,L/s,1785751200000
MEL 4,2026-08-03 16:00:00,266.0471830985915,L/s,1785772800000
MEL 4,2026-08-03 22:00:00,245.6484722222222,L/s,1785794400000
MEL 4,2026-08-04 04:00:00,241.88690140845057,L/s,1785816000000
MEL 4,2026-08-04 10:00:00,239.95083333333318,L/s,1785837600000
MEL 4,2026-08-04 16:00:00,228.5879166666667,L/s,1785859200000
MEL 4,2026-08-04 22:00:00,235.3295774647886,L/s,1785880800000
MEL 4,2026-08-05 04:00:00,234.55916666666656,L/s,1785902400000
MEL 4,2026-08-05 10:00:00,246.815352112676,L/s,1785924000000
MEL 4,2026-08-05 16:00:00,245.68972222222212,L/s,1785945600000
MEL 4,2026-08-05 22:00:00,246.17055555555544,L/s,1785967200000
MEL 4,2026-08-06 04:00:00,293.1591666666666,L/s,1785988800000
MEL 4,2026-08-06 10:00:00,249.4747887323943,L/s,1786010400000
MEL 4,2026-08-06 16:00:00,238.67943661971822,L/s,1786032000000
MEL 4,2026-08-06 22:00:00,246.12138888888882,L/s,1786053600000
MEL 4,2026-08-07 04:00:00,247.00101449275357,L/s,1786075200000
MEL 4,2026-08-07 10:00:00,241.324861111111,L/s,1786096800000
MEL 4,2026-08-07 16:00:00,234.4929166666666,L/s,1786118400000
MEL 4,2026-08-07 22:00:00,244.33069444444442,L/s,1786140000000
MEL 4,2026-08-08 04:00:00,246.49728571428562,L/s,1786161600000
MEL 4,2026-08-08 10:00:00,240.73154929577453,L/s,1786183200000
MEL 4,2026-08-08 16:00:00,235.08830985915478,L/s,1786204800000
MEL 4,2026-08-08 22:00:00,243.231690140845,L/s,1786226400000
MEL 4,2026-08-09 04:00:00,245.56083333333325,L/s,1786248000000
MEL 4,2026-08-09 10:00:00,241.34253521126755,L/s,1786269600000
MEL 4,2026-08-09 16:00:00,238.26305555555558,L/s,1786291200000
MEL 4,2026-08-09 22:00:00,246.98323943661973,L/s,1786312800000
MEL 4,2026-08-10 04:00:00,246.14930555555546,L/s,1786334400000
MEL 4,2026-08-10 10:00:00,247.35366197183083,L/s,1786356000000
MEL 4,2026-08-10 16:00:00,237.69557142857124,L/s,1786377600000
MEL 4,2026-08-10 22:00:00,236.58828571428558,L/s,1786399200000
MEL 4,2026-08-11 04:00:00,240.57757142857122,L/s,1786420800000
MEL 4,2026-08-11 10:00:00,236.802676056338,L/s,1786442400000
MEL 4,2026-08-11 16:00:00,228.50535211267592,L/s,1786464000000
MEL 4,2026-08-11 22:00:00,233.14845070422527,L/s,1786485600000
MEL 4,2026-08-12 04:00:00,232.68323943661966,L/s,1786507200000
MEL 4,2026-08-12 10:00:00,229.11253521126756,L/s,1786528800000
MEL 4,2026-08-12 16:00:00,212.22211267605635,L/s,1786550400000
MEL 4,2026-08-12 22:00:00,207.68507042253515,L/s,1786572000000
MEL 4,2026-08-13 04:00:00,227.81957142857146,L/s,1786593600000
MEL 4,2026-08-13 10:00:00,231.8129999999999,L/s,1786615200000
MEL 4,2026-08-13 16:00:00,255.39971428571423,L/s,1786636800000
MEL 4,2026-08-13 22:00:00,278.26731343283586,L/s,1786658400000
MEL 4,2026-08-14 04:00:00,280.1927142857142,L/s,1786680000000
MEL 4,2026-08-14 10:00:00,277.3648611111111,L/s,1786701600000
MEL 4,2026-08-14 16:00:00,276.72926470588243,L/s,1786723200000
MEL 4,2026-08-14 22:00:00,280.8950704225351,L/s,1786744800000
MEL 4,2026-08-15 04:00:00,282.24805555555554,L/s,1786766400000
MEL 4,2026-08-15 10:00:00,297.8518309859154,L/s,1786788000000
MEL 4,2026-08-15 16:00:00,503.23281690140846,L/s,1786809600000
MEL 4,2026-08-15 22:00:00,322.4201388888889,L/s,1786831200000
MEL 4,2026-08-16 04:00:00,287.393,L/s,1786852800000
MEL 4,2026-08-16 10:00:00,282.43271428571444,L/s,1786874400000
MEL 4,2026-08-16 16:00:00,280.0491428571428,L/s,1786896000000
MEL 4,2026-08-16 22:00:00,290.19742857142853,L/s,1786917600000
MEL 4,2026-08-17 04:00:00,295.9847142857143,L/s,1786939200000
MEL 4,2026-08-17 10:00:00,298.42028169014105,L/s,1786960800000
MEL 4,2026-08-17 16:00:00,268.89811594202905,L/s,1786982400000
MEL 6,2026-08-02 21:50:51,188.315,L/s,1785707451000
MEL 6,2026-08-02 22:00:00,189.94323943661988,L/s,1785708000000
MEL 6,2026-08-03 04:00:00,192.97614285714275,L/s,1785729600000
MEL 6,2026-08-03 10:00:00,200.0088732394367,L/s,1785751200000
MEL 6,2026-08-03 16:00:00,196.97366197183098,L/s,1785772800000
MEL 6,2026-08-03 22:00:00,176.1059722222222,L/s,1785794400000
MEL 6,2026-08-04 04:00:00,170.9511267605634,L/s,1785816000000
MEL 6,2026-08-04 10:00:00,169.5863888888889,L/s,1785837600000
MEL 6,2026-08-04 16:00:00,165.60944444444434,L/s,1785859200000
MEL 6,2026-08-04 22:00:00,168.85563380281695,L/s,1785880800000
MEL 6,2026-08-05 04:00:00,166.52430555555554,L/s,1785902400000
MEL 6,2026-08-05 10:00:00,175.0087323943662,L/s,1785924000000
MEL 6,2026-08-05 16:00:00,168.110138888889,L/s,1785945600000
MEL 6,2026-08-05 22:00:00,142.57402777777787,L/s,1785967200000
MEL 6,2026-08-06 04:00:00,174.86942028985507,L/s,1785988800000
MEL 6,2026-08-06 10:00:00,150.5463380281692,L/s,1786010400000
MEL 6,2026-08-06 16:00:00,141.33098591549307,L/s,1786032000000
MEL 6,2026-08-06 22:00:00,141.59069444444452,L/s,1786053600000
MEL 6,2026-08-07 04:00:00,140.1508695652174,L/s,1786075200000
MEL 6,2026-08-07 10:00:00,138.40888888888887,L/s,1786096800000
MEL 6,2026-08-07 16:00:00,137.55083333333334,L/s,1786118400000
MEL 6,2026-08-07 22:00:00,138.00569444444457,L/s,1786140000000
MEL 6,2026-08-08 04:00:00,138.86228571428572,L/s,1786161600000
MEL 6,2026-08-08 10:00:00,138.2839436619718,L/s,1786183200000
MEL 6,2026-08-08 16:00:00,135.9067605633804,L/s,1786204800000
MEL 6,2026-08-08 22:00:00,138.1254929577464,L/s,1786226400000
MEL 6,2026-08-09 04:00:00,138.5745833333334,L/s,1786248000000
MEL 6,2026-08-09 10:00:00,138.89253521126767,L/s,1786269600000
MEL 6,2026-08-09 16:00:00,137.13416666666677,L/s,1786291200000
MEL 6,2026-08-09 22:00:00,139.66098591549306,L/s,1786312800000
MEL 6,2026-08-10 04:00:00,139.13500000000005,L/s,1786334400000
MEL 6,2026-08-10 10:00:00,143.214647887324,L/s,1786356000000
MEL 6,2026-08-10 16:00:00,136.07742857142847,L/s,1786377600000
MEL 6,2026-08-10 22:00:00,135.18142857142863,L/s,1786399200000
MEL 6,2026-08-11 04:00:00,138.22500000000002,L/s,1786420800000
MEL 6,2026-08-11 10:00:00,136.5042253521126,L/s,1786442400000
MEL 6,2026-08-11 16:00:00,114.57732394366195,L/s,1786464000000
MEL 6,2026-08-11 22:00:00,95.13112676056335,L/s,1786485600000
MEL 6,2026-08-12 04:00:00,96.18042253521119,L/s,1786507200000
MEL 6,2026-08-12 10:00:00,96.05845070422525,L/s,1786528800000
MEL 6,2026-08-12 16:00:00,91.8842253521127,L/s,1786550400000
MEL 6,2026-08-12 22:00:00,82.20619718309864,L/s,1786572000000
MEL 6,2026-08-13 04:00:00,94.40371428571427,L/s,1786593600000
MEL 6,2026-08-13 10:00:00,90.2384057971014,L/s,1786615200000
MEL 6,2026-08-13 16:00:00,90.21777777777783,L/s,1786636800000
MEL 6,2026-08-13 22:00:00,99.52676470588226,L/s,1786658400000
MEL 6,2026-08-14 04:00:00,100.52228571428559,L/s,1786680000000
MEL 6,2026-08-14 10:00:00,98.73742857142847,L/s,1786701600000
MEL 6,2026-08-14 16:00:00,101.53228571428573,L/s,1786723200000
MEL 6,2026-08-14 22:00:00,104.99628571428572,L/s,1786744800000
MEL 6,2026-08-15 04:00:00,106.06194444444453,L/s,1786766400000
MEL 6,2026-08-15 10:00:00,109.63140845070423,L/s,1786788000000
MEL 6,2026-08-15 16:00:00,211.16140845070422,L/s,1786809600000
MEL 6,2026-08-15 22:00:00,162.1938028169013,L/s,1786831200000
MEL 6,2026-08-16 04:00:00,113.01263888888886,L/s,1786852800000
MEL 6,2026-08-16 10:00:00,112.25267605633799,L/s,1786874400000
MEL 6,2026-08-16 16:00:00,112.481,L/s,1786896000000
MEL 6,2026-08-16 22:00:00,113.72128571428571,L/s,1786917600000
MEL 6,2026-08-17 04:00:00,115.93347826086956,L/s,1786939200000
MEL 6,2026-08-17 10:00:00,119.69114285714285,L/s,1786960800000
MEL 6,2026-08-17 16:00:00,105.67242857142857,L/s,1786982400000
MSR 19,2026-08-02 21:50:51,9.02,L/s,1785707451000
MSR 19,2026-08-02 22:00:00,9.475492957746486,L/s,1785708000000
MSR 19,2026-08-03 04:00:00,9.634285714285719,L/s,1785729600000
MSR 19,2026-08-03 10:00:00,125.80760563380285,L/s,1785751200000
MSR 19,2026-08-03 16:00:00,567.6776056338031,L/s,1785772800000
MSR 19,2026-08-03 22:00:00,595.8072222222219,L/s,1785794400000
MSR 19,2026-08-04 04:00:00,623.3045070422538,L/s,1785816000000
MSR 19,2026-08-04 10:00:00,623.3218055555558,L/s,1785837600000
MSR 19,2026-08-04 16:00:00,868.3976388888879,L/s,1785859200000
MSR 19,2026-08-04 22:00:00,886.879999999999,L/s,1785880800000
MSR 19,2026-08-05 04:00:00,886.8799999999989,L/s,1785902400000
MSR 19,2026-08-05 10:00:00,707.1942253521124,L/s,1785924000000
MSR 19,2026-08-05 16:00:00,334.2663380281691,L/s,1785945600000
MSR 19,2026-08-05 22:00:00,356.0766666666667,L/s,1785967200000
MSR 19,2026-08-06 04:00:00,356.75486111111104,L/s,1785988800000
MSR 19,2026-08-06 10:00:00,465.56267605633786,L/s,1786010400000
MSR 19,2026-08-06 16:00:00,527.647042253521,L/s,1786032000000
MSR 19,2026-08-06 22:00:00,523.4697222222225,L/s,1786053600000
MSR 19,2026-08-07 04:00:00,530.242898550725,L/s,1786075200000
MSR 19,2026-08-07 10:00:00,523.6866666666666,L/s,1786096800000
MSR 19,2026-08-07 16:00:00,418.1463888888893,L/s,1786118400000
MSR 19,2026-08-07 22:00:00,334.2961111111111,L/s,1786140000000
MSR 19,2026-08-08 04:00:00,343.42842857142847,L/s,1786161600000
MSR 19,2026-08-08 10:00:00,342.97140845070425,L/s,1786183200000
MSR 19,2026-08-08 16:00:00,341.07197183098594,L/s,1786204800000
MSR 19,2026-08-08 22:00:00,337.4633802816902,L/s,1786226400000
MSR 19,2026-08-09 04:00:00,330.85388888888906,L/s,1786248000000
MSR 19,2026-08-09 10:00:00,321.3202816901408,L/s,1786269600000
MSR 19,2026-08-09 16:00:00,308.23749999999995,L/s,1786291200000
MSR 19,2026-08-09 22:00:00,329.0240845070424,L/s,1786312800000
MSR 19,2026-08-10 04:00:00,331.04,L/s,1786334400000
MSR 19,2026-08-10 10:00:00,337.80802816901405,L/s,1786356000000
MSR 19,2026-08-10 16:00:00,610.2174285714286,L/s,1786377600000
MSR 19,2026-08-10 22:00:00,589.6022857142859,L/s,1786399200000
MSR 19,2026-08-11 04:00:00,580.4070000000002,L/s,1786420800000
MSR 19,2026-08-11 10:00:00,568.2853521126757,L/s,1786442400000
MSR 19,2026-08-11 16:00:00,484.92915492957746,L/s,1786464000000
MSR 19,2026-08-11 22:00:00,421.0197183098594,L/s,1786485600000
MSR 19,2026-08-12 04:00:00,425.3385915492958,L/s,1786507200000
MSR 19,2026-08-12 10:00:00,515.798309859155,L/s,1786528800000
MSR 19,2026-08-12 16:00:00,715.7040845070425,L/s,1786550400000
MSR 19,2026-08-12 22:00:00,728.217042253521,L/s,1786572000000
MSR 19,2026-08-13 04:00:00,766.3157142857144,L/s,1786593600000
MSR 19,2026-08-13 10:00:00,770.8452857142858,L/s,1786615200000
MSR 19,2026-08-13 16:00:00,540.7312499999998,L/s,1786636800000
MSR 19,2026-08-13 22:00:00,844.8776811594195,L/s,1786658400000
MSR 19,2026-08-14 04:00:00,886.879999999999,L/s,1786680000000
MSR 19,2026-08-14 10:00:00,776.4498591549301,L/s,1786701600000
MSR 19,2026-08-14 16:00:00,523.2933802816902,L/s,1786723200000
MSR 19,2026-08-14 22:00:00,210.48333333333335,L/s,1786744800000
MSR 19,2026-08-15 04:00:00,214.76124999999996,L/s,1786766400000
MSR 19,2026-08-15 10:00:00,224.65028169014087,L/s,1786788000000
MSR 19,2026-08-15 16:00:00,259.62028169014076,L/s,1786809600000
MSR 19,2026-08-15 22:00:00,261.5294366197182,L/s,1786831200000
MSR 19,2026-08-16 04:00:00,246.7554166666666,L/s,1786852800000
MSR 19,2026-08-16 10:00:00,240.8300000000001,L/s,1786874400000
MSR 19,2026-08-16 16:00:00,221.8688732394367,L/s,1786896000000
MSR 19,2026-08-16 22:00:00,220.95814285714295,L/s,1786917600000
MSR 19,2026-08-17 04:00:00,221.7067605633803,L/s,1786939200000
MSR 19,2026-08-17 10:00:00,229.394366197183,L/s,1786960800000
MSR 19,2026-08-17 16:00:00,225.8645714285714,L/s,1786982400000
MSR 17,2026-08-02 21:50:51,110.00999999999999,L/s,1785707451000
MSR 17,2026-08-02 22:00:00,115.84788732394378,L/s,1785708000000
MSR 17,2026-08-03 04:00:00,120.07042857142862,L/s,1785729600000
MSR 17,2026-08-03 10:00:00,178.1485915492958,L/s,1785751200000
MSR 17,2026-08-03 16:00:00,203.47816901408464,L/s,1785772800000
MSR 17,2026-08-03 22:00:00,207.1306944444444,L/s,1785794400000
MSR 17,2026-08-04 04:00:00,204.72098591549323,L/s,1785816000000
MSR 17,2026-08-04 10:00:00,266.17111111111103,L/s,1785837600000
MSR 17,2026-08-04 16:00:00,295.4433333333334,L/s,1785859200000
MSR 17,2026-08-04 22:00:00,302.20140845070426,L/s,1785880800000
MSR 17,2026-08-05 04:00:00,298.6705555555554,L/s,1785902400000
MSR 17,2026-08-05 10:00:00,294.172676056338,L/s,1785924000000
MSR 17,2026-08-05 16:00:00,284.07069444444437,L/s,1785945600000
MSR 17,2026-08-05 22:00:00,280.67083333333335,L/s,1785967200000
MSR 17,2026-08-06 04:00:00,299.10902777777767,L/s,1785988800000
MSR 17,2026-08-06 10:00:00,300.2830985915491,L/s,1786010400000
MSR 17,2026-08-06 16:00:00,279.23887323943654,L/s,1786032000000
MSR 17,2026-08-06 22:00:00,279.5338888888889,L/s,1786053600000
MSR 17,2026-08-07 04:00:00,275.1076811594201,L/s,1786075200000
MSR 17,2026-08-07 10:00:00,276.4991666666666,L/s,1786096800000
MSR 17,2026-08-07 16:00:00,288.3340277777777,L/s,1786118400000
MSR 17,2026-08-07 22:00:00,292.3966666666665,L/s,1786140000000
MSR 17,2026-08-08 04:00:00,290.356857142857,L/s,1786161600000
MSR 17,2026-08-08 10:00:00,280.22014084507055,L/s,1786183200000
MSR 17,2026-08-08 16:00:00,272.5387323943664,L/s,1786204800000
MSR 17,2026-08-08 22:00:00,267.89845070422564,L/s,1786226400000
MSR 17,2026-08-09 04:00:00,263.32180555555567,L/s,1786248000000
MSR 17,2026-08-09 10:00:00,252.2250704225352,L/s,1786269600000
MSR 17,2026-08-09 16:00:00,249.11013888888868,L/s,1786291200000
MSR 17,2026-08-09 22:00:00,245.25704225352123,L/s,1786312800000
MSR 17,2026-08-10 04:00:00,243.2112499999999,L/s,1786334400000
MSR 17,2026-08-10 10:00:00,238.40140845070437,L/s,1786356000000
MSR 17,2026-08-10 16:00:00,230.85685714285694,L/s,1786377600000
MSR 17,2026-08-10 22:00:00,225.6479999999996,L/s,1786399200000
MSR 17,2026-08-11 04:00:00,221.32485714285698,L/s,1786420800000
MSR 17,2026-08-11 10:00:00,218.17281690140842,L/s,1786442400000
MSR 17,2026-08-11 16:00:00,210.9492957746479,L/s,1786464000000
MSR 17,2026-08-11 22:00:00,205.13042253521135,L/s,1786485600000
MSR 17,2026-08-12 04:00:00,206.588732394366,L/s,1786507200000
MSR 17,2026-08-12 10:00:00,308.95690140845056,L/s,1786528800000
MSR 17,2026-08-12 16:00:00,350.867746478873,L/s,1786550400000
MSR 17,2026-08-12 22:00:00,358.091690140845,L/s,1786572000000
MSR 17,2026-08-13 04:00:00,367.68271428571444,L/s,1786593600000
MSR 17,2026-08-13 10:00:00,366.94342857142874,L/s,1786615200000
MSR 17,2026-08-13 16:00:00,363.37388888888876,L/s,1786636800000
MSR 17,2026-08-13 22:00:00,369.2664705882352,L/s,1786658400000
MSR 17,2026-08-14 04:00:00,404.31799999999987,L/s,1786680000000
MSR 17,2026-08-14 10:00:00,393.25521126760555,L/s,1786701600000
MSR 17,2026-08-14 16:00:00,150.46728571428568,L/s,1786723200000
MSR 17,2026-08-14 22:00:00,152.80402777777783,L/s,1786744800000
MSR 17,2026-08-15 04:00:00,154.73736111111089,L/s,1786766400000
MSR 17,2026-08-15 10:00:00,156.12915492957728,L/s,1786788000000
MSR 17,2026-08-15 16:00:00,176.8335211267607,L/s,1786809600000
MSR 17,2026-08-15 22:00:00,183.0111267605635,L/s,1786831200000
MSR 17,2026-08-16 04:00:00,173.53315068493146,L/s,1786852800000
MSR 17,2026-08-16 10:00:00,165.78802816901398,L/s,1786874400000
MSR 17,2026-08-16 16:00:00,161.8239436619718,L/s,1786896000000
MSR 17,2026-08-16 22:00:00,163.34299999999996,L/s,1786917600000
MSR 17,2026-08-17 04:00:00,160.94943661971826,L/s,1786939200000
MSR 17,2026-08-17 10:00:00,164.78414285714297,L/s,1786960800000
MSR 17,2026-08-17 16:00:00,162.039420289855,L/s,1786982400000
MSR 16,2026-08-02 21:50:51,315.91999999999996,L/s,1785707451000
MSR 16,2026-08-02 22:00:00,319.82309859154935,L/s,1785708000000
MSR 16,2026-08-03 04:00:00,327.35200000000003,L/s,1785729600000
MSR 16,2026-08-03 10:00:00,319.75478873239416,L/s,1785751200000
MSR 16,2026-08-03 16:00:00,286.3764788732394,L/s,1785772800000
MSR 16,2026-08-03 22:00:00,278.8481944444446,L/s,1785794400000
MSR 16,2026-08-04 04:00:00,267.9352112676057,L/s,1785816000000
MSR 16,2026-08-04 10:00:00,229.8845833333334,L/s,1785837600000
MSR 16,2026-08-04 16:00:00,175.05291666666676,L/s,1785859200000
MSR 16,2026-08-04 22:00:00,169.6791549295775,L/s,1785880800000
MSR 16,2026-08-05 04:00:00,170.20999999999995,L/s,1785902400000
MSR 16,2026-08-05 10:00:00,173.06647887323967,L/s,1785924000000
MSR 16,2026-08-05 16:00:00,160.50722222222203,L/s,1785945600000
MSR 16,2026-08-05 22:00:00,157.82111111111112,L/s,1785967200000
MSR 16,2026-08-06 04:00:00,203.7406944444445,L/s,1785988800000
MSR 16,2026-08-06 10:00:00,206.20690140845062,L/s,1786010400000
MSR 16,2026-08-06 16:00:00,170.26126760563392,L/s,1786032000000
MSR 16,2026-08-06 22:00:00,183.5811111111109,L/s,1786053600000
MSR 16,2026-08-07 04:00:00,184.37275362318852,L/s,1786075200000
MSR 16,2026-08-07 10:00:00,182.1095833333335,L/s,1786096800000
MSR 16,2026-08-07 16:00:00,170.92250000000024,L/s,1786118400000
MSR 16,2026-08-07 22:00:00,174.13875000000016,L/s,1786140000000
MSR 16,2026-08-08 04:00:00,175.14428571428584,L/s,1786161600000
MSR 16,2026-08-08 10:00:00,175.3680281690142,L/s,1786183200000
MSR 16,2026-08-08 16:00:00,161.09295774647896,L/s,1786204800000
MSR 16,2026-08-08 22:00:00,187.49563380281703,L/s,1786226400000
MSR 16,2026-08-09 04:00:00,199.87111111111096,L/s,1786248000000
MSR 16,2026-08-09 10:00:00,203.23366197183088,L/s,1786269600000
MSR 16,2026-08-09 16:00:00,184.61861111111108,L/s,1786291200000
MSR 16,2026-08-09 22:00:00,203.22521126760552,L/s,1786312800000
MSR 16,2026-08-10 04:00:00,205.2276388888887,L/s,1786334400000
MSR 16,2026-08-10 10:00:00,206.43957746478873,L/s,1786356000000
MSR 16,2026-08-10 16:00:00,203.34685714285706,L/s,1786377600000
MSR 16,2026-08-10 22:00:00,207.34657142857142,L/s,1786399200000
MSR 16,2026-08-11 04:00:00,211.67999999999986,L/s,1786420800000
MSR 16,2026-08-11 10:00:00,212.02323943661983,L/s,1786442400000
MSR 16,2026-08-11 16:00:00,198.70605633802816,L/s,1786464000000
MSR 16,2026-08-11 22:00:00,210.05521126760587,L/s,1786485600000
MSR 16,2026-08-12 04:00:00,213.96577464788746,L/s,1786507200000
MSR 16,2026-08-12 10:00:00,211.962676056338,L/s,1786528800000
MSR 16,2026-08-12 16:00:00,195.1276056338028,L/s,1786550400000
MSR 16,2026-08-12 22:00:00,211.97704225352112,L/s,1786572000000
MSR 16,2026-08-13 04:00:00,238.29757142857144,L/s,1786593600000
MSR 16,2026-08-13 10:00:00,237.1800000000001,L/s,1786615200000
MSR 16,2026-08-13 16:00:00,234.1702777777779,L/s,1786636800000
MSR 16,2026-08-13 22:00:00,250.0784057971014,L/s,1786658400000
MSR 16,2026-08-14 04:00:00,230.7252857142858,L/s,1786680000000
MSR 16,2026-08-14 10:00:00,209.35676056338022,L/s,1786701600000
MSR 16,2026-08-14 16:00:00,202.27535211267596,L/s,1786723200000
MSR 16,2026-08-14 22:00:00,214.2546478873242,L/s,1786744800000
MSR 16,2026-08-15 04:00:00,218.70577464788738,L/s,1786766400000
MSR 16,2026-08-15 10:00:00,225.07449275362322,L/s,1786788000000
MSR 16,2026-08-15 16:00:00,569.7222535211266,L/s,1786809600000
MSR 16,2026-08-15 22:00:00,668.2422535211268,L/s,1786831200000
MSR 16,2026-08-16 04:00:00,418.97028169014095,L/s,1786852800000
MSR 16,2026-08-16 10:00:00,373.4567142857145,L/s,1786874400000
MSR 16,2026-08-16 16:00:00,341.422253521127,L/s,1786896000000
MSR 16,2026-08-16 22:00:00,340.8921428571429,L/s,1786917600000
MSR 16,2026-08-17 04:00:00,341.1523943661974,L/s,1786939200000
MSR 16,2026-08-17 10:00:00,381.1627777777778,L/s,1786960800000
MSR 16,2026-08-17 16:00:00,318.46188405797085,L/s,1786982400000
Clon MarcoB,2026-08-02 21:50:51,945.7658422988877,L/s,1785707451000
Clon MarcoB,2026-08-02 22:00:00,935.8661203470239,L/s,1785708000000
Clon MarcoB,2026-08-03 04:00:00,947.1991136540224,L/s,1785729600000
Clon MarcoB,2026-08-03 10:00:00,950.1931516193314,L/s,1785751200000
Clon MarcoB,2026-08-03 16:00:00,957.3508611109642,L/s,1785772800000
Clon MarcoB,2026-08-03 22:00:00,880.9220512522254,L/s,1785794400000
Clon MarcoB,2026-08-04 04:00:00,877.1460116879151,L/s,1785816000000
Clon MarcoB,2026-08-04 10:00:00,868.3183971570155,L/s,1785837600000
Clon MarcoB,2026-08-04 16:00:00,854.5553116334461,L/s,1785859200000
Clon MarcoB,2026-08-04 22:00:00,849.8301401881948,L/s,1785880800000
Clon MarcoB,2026-08-05 04:00:00,853.0196910367216,L/s,1785902400000
Clon MarcoB,2026-08-05 10:00:00,893.3993729018255,L/s,1785924000000
Clon MarcoB,2026-08-05 16:00:00,892.671539128101,L/s,1785945600000
Clon MarcoB,2026-08-05 22:00:00,892.4155641844226,L/s,1785967200000
Clon MarcoB,2026-08-06 04:00:00,901.0140616269243,L/s,1785988800000
Clon MarcoB,2026-08-06 10:00:00,902.8852102670392,L/s,1786010400000
Clon MarcoB,2026-08-06 16:00:00,897.2973187499996,L/s,1786032000000
Clon MarcoB,2026-08-06 22:00:00,907.6413162250705,L/s,1786053600000
Clon MarcoB,2026-08-07 04:00:00,895.8909397558979,L/s,1786075200000
Clon MarcoB,2026-08-07 10:00:00,893.2333833097663,L/s,1786096800000
Clon MarcoB,2026-08-07 16:00:00,866.7368955530716,L/s,1786118400000
Clon MarcoB,2026-08-07 22:00:00,894.5369479804643,L/s,1786140000000
Clon MarcoB,2026-08-08 04:00:00,891.035450782715,L/s,1786161600000
Clon MarcoB,2026-08-08 10:00:00,885.713968360806,L/s,1786183200000
Clon MarcoB,2026-08-08 16:00:00,888.926608747234,L/s,1786204800000
Clon MarcoB,2026-08-08 22:00:00,885.2343816300278,L/s,1786226400000
Clon MarcoB,2026-08-09 04:00:00,892.960802878054,L/s,1786248000000
Clon MarcoB,2026-08-09 10:00:00,892.997404802427,L/s,1786269600000
Clon MarcoB,2026-08-09 16:00:00,892.5171468560342,L/s,1786291200000
Clon MarcoB,2026-08-09 22:00:00,892.5177265329254,L/s,1786312800000
Clon MarcoB,2026-08-10 04:00:00,887.4246747648068,L/s,1786334400000
Clon MarcoB,2026-08-10 10:00:00,874.7541457843739,L/s,1786356000000
Clon MarcoB,2026-08-10 16:00:00,824.6814664051253,L/s,1786377600000
Clon MarcoB,2026-08-10 22:00:00,812.697011209099,L/s,1786399200000
Clon MarcoB,2026-08-11 04:00:00,820.1926803274253,L/s,1786420800000
Clon MarcoB,2026-08-11 10:00:00,811.8357194482172,L/s,1786442400000
Clon MarcoB,2026-08-11 16:00:00,814.4293374202947,L/s,1786464000000
Clon MarcoB,2026-08-11 22:00:00,809.1037425305349,L/s,1786485600000
Clon MarcoB,2026-08-12 04:00:00,810.3481399066441,L/s,1786507200000
Clon MarcoB,2026-08-12 10:00:00,805.5196707488742,L/s,1786528800000
Clon MarcoB,2026-08-12 16:00:00,805.5600092926542,L/s,1786550400000
Clon MarcoB,2026-08-12 22:00:00,824.5671338331905,L/s,1786572000000
Clon MarcoB,2026-08-13 04:00:00,850.9308582471687,L/s,1786593600000
Clon MarcoB,2026-08-13 10:00:00,836.9733915233782,L/s,1786615200000
Clon MarcoB,2026-08-13 16:00:00,2036.4859725929032,L/s,1786636800000
Clon MarcoB,2026-08-13 22:00:00,2188.4626789394965,L/s,1786658400000
Clon MarcoB,2026-08-14 04:00:00,844.1679435454784,L/s,1786680000000
Clon MarcoB,2026-08-14 10:00:00,842.4380788736042,L/s,1786701600000
Clon MarcoB,2026-08-14 16:00:00,2071.197323265379,L/s,1786723200000
Clon MarcoB,2026-08-14 22:00:00,845.0688885192127,L/s,1786744800000
Clon MarcoB,2026-08-15 04:00:00,848.204030747678,L/s,1786766400000
Clon MarcoB,2026-08-15 10:00:00,1581.3348186150338,L/s,1786788000000
Clon MarcoB,2026-08-15 16:00:00,981.8447254768791,L/s,1786809600000
Clon MarcoB,2026-08-15 22:00:00,847.0915156043276,L/s,1786831200000
Clon MarcoB,2026-08-16 04:00:00,845.0926863515656,L/s,1786852800000
Clon MarcoB,2026-08-16 10:00:00,845.1920579567211,L/s,1786874400000
Clon MarcoB,2026-08-16 16:00:00,849.2012886092188,L/s,1786896000000
Clon MarcoB,2026-08-16 22:00:00,851.8548096876871,L/s,1786917600000
Clon MarcoB,2026-08-17 04:00:00,858.3029542530192,L/s,1786939200000
Clon MarcoB,2026-08-17 10:00:00,842.4960073605752,L/s,1786960800000
Clon MarcoB,2026-08-17 16:00:00,813.6085876793518,L/s,1786982400000
MLI15,2026-08-06 16:00:00,76.62238031383941,L/s,1786032000000
MLI15,2026-08-06 22:00:00,73.26480360037814,L/s,1786053600000
MLI15,2026-08-07 04:00:00,69.19555950913352,L/s,1786075200000
MLI15,2026-08-07 10:00:00,69.86089928545668,L/s,1786096800000
MLI15,2026-08-07 16:00:00,65.45864232931767,L/s,1786118400000
MLI15,2026-08-07 22:00:00,52.29198310791557,L/s,1786140000000
MLI15,2026-08-08 04:00:00,48.62707242282792,L/s,1786161600000
MLI15,2026-08-08 10:00:00,50.252191936205094,L/s,1786183200000
MLI15,2026-08-08 16:00:00,48.54009639678997,L/s,1786204800000
MLI15,2026-08-08 22:00:00,48.50962896935138,L/s,1786226400000
MLI15,2026-08-09 04:00:00,48.76751461644486,L/s,1786248000000
MLI15,2026-08-09 10:00:00,57.079690459134206,L/s,1786269600000
MLI15,2026-08-09 16:00:00,58.166753767557346,L/s,1786291200000
MLI15,2026-08-09 22:00:00,51.7162065803787,L/s,1786312800000
MLI15,2026-08-10 04:00:00,51.22247900434384,L/s,1786334400000
MLI15,2026-08-10 10:00:00,53.22780469852511,L/s,1786356000000
MLI15,2026-08-10 16:00:00,52.51851901242656,L/s,1786377600000
MLI15,2026-08-10 22:00:00,45.044384723940865,L/s,1786399200000
MLI15,2026-08-12 16:00:00,283.9940088063992,L/s,1786550400000
MLI15,2026-08-12 22:00:00,288.3686318079498,L/s,1786572000000
MLI15,2026-08-13 04:00:00,291.9656690712797,L/s,1786593600000
MLI15,2026-08-13 10:00:00,314.5974142575838,L/s,1786615200000
MLI15,2026-08-13 16:00:00,300.39986220825375,L/s,1786636800000
MLI15,2026-08-13 22:00:00,261.48892091561436,L/s,1786658400000
MLI15,2026-08-14 04:00:00,254.92692300622446,L/s,1786680000000
MLI15,2026-08-14 10:00:00,269.9524791739269,L/s,1786701600000
MLI15,2026-08-14 16:00:00,315.27504079244125,L/s,1786723200000
MLI15,2026-08-14 22:00:00,299.6708811180669,L/s,1786744800000
MLI15,2026-08-15 04:00:00,271.8515278421214,L/s,1786766400000
MLI15,2026-08-17 16:00:00,13.921480302086405,L/s,1786982400000
MLI15,2026-08-17 22:00:00,0.0,L/s,1787004000000
MLI15,2026-08-18 04:00:00,0.0,L/s,1787025600000
MLI15,2026-08-18 10:00:00,0.0,L/s,1787047200000
MLI15,2026-08-18 16:00:00,0.0,L/s,1787068800000
MLI15,2026-08-18 22:00:00,0.0,L/s,1787090400000
MLI15,2026-08-19 04:00:00,0.0,L/s,1787112000000
MLI15,2026-08-19 10:00:00,0.0,L/s,1787133600000
MLI15,2026-08-19 16:00:00,0.0,L/s,1787155200000
MLI15,2026-08-19 22:00:00,0.0,L/s,1787176800000
MLI15,2026-08-20 04:00:00,0.0,L/s,1787198400000
MLI15,2026-08-20 10:00:00,0.0,L/s,1787220000000
MLI15,2026-08-20 16:00:00,0.0,L/s,1787241600000
MLI15,2026-08-20 22:00:00,0.0,L/s,1787263200000
MarcoB,2026-08-06 03:31:16,898.0717345396149,L/s,1785987076000
MarcoB,2026-08-06 04:00:00,900.6581010714369,L/s,1785988800000
MarcoB,2026-08-06 10:00:00,903.1969341125916,L/s,1786010400000
MarcoB,2026-08-06 16:00:00,897.2973187499996,L/s,1786032000000
MarcoB,2026-08-06 22:00:00,906.556000508841,L/s,1786053600000
MarcoB,2026-08-07 04:00:00,895.3579956175822,L/s,1786075200000
MarcoB,2026-08-07 10:00:00,893.9648183041354,L/s,1786096800000
MarcoB,2026-08-07 16:00:00,885.365003230569,L/s,1786118400000
MarcoB,2026-08-07 22:00:00,889.2432049148864,L/s,1786140000000
MarcoB,2026-08-08 04:00:00,890.9599243447681,L/s,1786161600000
MarcoB,2026-08-08 10:00:00,886.0627663550742,L/s,1786183200000
MarcoB,2026-08-08 16:00:00,888.6876097030803,L/s,1786204800000
MarcoB,2026-08-08 22:00:00,885.2715336680423,L/s,1786226400000
MarcoB,2026-08-09 04:00:00,893.1054652526279,L/s,1786248000000
MarcoB,2026-08-09 10:00:00,893.4875365437854,L/s,1786269600000
MarcoB,2026-08-09 16:00:00,892.3902339979503,L/s,1786291200000
MarcoB,2026-08-09 22:00:00,892.5654295318714,L/s,1786312800000
MarcoB,2026-08-10 04:00:00,887.4981505064488,L/s,1786334400000
MarcoB,2026-08-10 10:00:00,874.8201478533805,L/s,1786356000000
MarcoB,2026-08-10 16:00:00,819.7592035944275,L/s,1786377600000
MarcoB,2026-08-10 22:00:00,812.7737928512153,L/s,1786399200000
MarcoB,2026-08-11 04:00:00,820.2479320530942,L/s,1786420800000
MarcoB,2026-08-11 10:00:00,811.9940273477716,L/s,1786442400000
MarcoB,2026-08-11 16:00:00,814.7099057912811,L/s,1786464000000
MarcoB,2026-08-11 22:00:00,809.2285014356388,L/s,1786485600000
MarcoB,2026-08-12 04:00:00,809.9195697162783,L/s,1786507200000
MarcoB,2026-08-12 10:00:00,805.5276923006263,L/s,1786528800000
MarcoB,2026-08-12 16:00:00,805.2210023504992,L/s,1786550400000
MarcoB,2026-08-12 22:00:00,823.9276331611302,L/s,1786572000000
MarcoB,2026-08-13 04:00:00,850.6599946796669,L/s,1786593600000
MarcoB,2026-08-13 10:00:00,836.5837063698679,L/s,1786615200000
MarcoB,2026-08-13 16:00:00,832.7604401952472,L/s,1786636800000
MarcoB,2026-08-13 22:00:00,830.1030601667031,L/s,1786658400000
MarcoB,2026-08-14 04:00:00,843.3424349527393,L/s,1786680000000
MarcoB,2026-08-14 10:00:00,842.2527749301516,L/s,1786701600000
MarcoB,2026-08-14 16:00:00,846.1899236888297,L/s,1786723200000
MarcoB,2026-08-14 22:00:00,839.9838200438371,L/s,1786744800000
MarcoB,2026-08-15 04:00:00,847.0925757020135,L/s,1786766400000
MarcoB,2026-08-15 10:00:00,879.3416642258376,L/s,1786788000000
MarcoB,2026-08-15 16:00:00,969.2654413361402,L/s,1786809600000
MarcoB,2026-08-15 22:00:00,847.1709621142987,L/s,1786831200000
MarcoB,2026-08-16 04:00:00,844.5327139718243,L/s,1786852800000
MarcoB,2026-08-16 10:00:00,845.3696708337295,L/s,1786874400000
MarcoB,2026-08-16 16:00:00,849.0327747086313,L/s,1786896000000
MarcoB,2026-08-16 22:00:00,852.0090808980211,L/s,1786917600000
MarcoB,2026-08-17 04:00:00,858.0810502139944,L/s,1786939200000
MarcoB,2026-08-17 10:00:00,842.2414828346857,L/s,1786960800000
MarcoB,2026-08-17 16:00:00,813.9241567821063,L/s,1786982400000
MarcoB,2026-08-17 22:00:00,849.0970105585492,L/s,1787004000000
MarcoB,2026-08-18 04:00:00,848.3359647935584,L/s,1787025600000
MarcoB,2026-08-18 10:00:00,851.2277025528449,L/s,1787047200000
MarcoB,2026-08-18 16:00:00,827.0144682363187,L/s,1787068800000
MarcoB,2026-08-18 22:00:00,832.5525779899087,L/s,1787090400000
MarcoB,2026-08-19 04:00:00,834.0315035997675,L/s,1787112000000
MarcoB,2026-08-19 10:00:00,840.820832294074,L/s,1787133600000
MarcoB,2026-08-19 16:00:00,858.8932451628937,L/s,1787155200000
MarcoB,2026-08-19 22:00:00,876.6495349602822,L/s,1787176800000
MarcoB,2026-08-20 04:00:00,901.3296580986056,L/s,1787198400000
MarcoB,2026-08-20 10:00:00,911.6704957718215,L/s,1787220000000
MarcoB,2026-08-20 16:00:00,894.5334054621151,L/s,1787241600000
MarcoB,2026-08-20 22:00:00,884.4570155510714,L/s,1787263200000
MSR 12,2026-08-06 03:31:16,63.24666666666667,L/s,1785987076000
MSR 12,2026-08-06 04:00:00,93.04749999999999,L/s,1785988800000
MSR 12,2026-08-06 10:00:00,80.26507042253519,L/s,1786010400000
MSR 12,2026-08-06 16:00:00,73.03197183098594,L/s,1786032000000
MSR 12,2026-08-06 22:00:00,70.76305555555555,L/s,1786053600000
MSR 12,2026-08-07 04:00:00,70.542463768116,L/s,1786075200000
MSR 12,2026-08-07 10:00:00,68.35277777777782,L/s,1786096800000
MSR 12,2026-08-07 16:00:00,57.071527777777796,L/s,1786118400000
MSR 12,2026-08-07 22:00:00,53.21388888888891,L/s,1786140000000
MSR 12,2026-08-08 04:00:00,53.67457142857148,L/s,1786161600000
MSR 12,2026-08-08 10:00:00,52.84887323943664,L/s,1786183200000
MSR 12,2026-08-08 16:00:00,52.1842253521127,L/s,1786204800000
MSR 12,2026-08-08 22:00:00,52.57563380281692,L/s,1786226400000
MSR 12,2026-08-09 04:00:00,53.35750000000005,L/s,1786248000000
MSR 12,2026-08-09 10:00:00,52.67422535211268,L/s,1786269600000
MSR 12,2026-08-09 16:00:00,53.185000000000024,L/s,1786291200000
MSR 12,2026-08-09 22:00:00,54.15436619718311,L/s,1786312800000
MSR 12,2026-08-10 04:00:00,55.88000000000002,L/s,1786334400000
MSR 12,2026-08-10 10:00:00,57.00845070422533,L/s,1786356000000
MSR 12,2026-08-10 16:00:00,54.453142857142865,L/s,1786377600000
MSR 12,2026-08-10 22:00:00,53.85957142857146,L/s,1786399200000
MSR 12,2026-08-11 04:00:00,55.412999999999954,L/s,1786420800000
MSR 12,2026-08-11 10:00:00,56.376197183098526,L/s,1786442400000
MSR 12,2026-08-11 16:00:00,55.29676056338027,L/s,1786464000000
MSR 12,2026-08-11 22:00:00,56.84098591549296,L/s,1786485600000
MSR 12,2026-08-12 04:00:00,58.52887323943662,L/s,1786507200000
MSR 12,2026-08-12 10:00:00,58.35901408450704,L/s,1786528800000
MSR 12,2026-08-12 16:00:00,58.86577464788733,L/s,1786550400000
MSR 12,2026-08-12 22:00:00,58.86154929577465,L/s,1786572000000
MSR 12,2026-08-13 04:00:00,71.43871428571431,L/s,1786593600000
MSR 12,2026-08-13 10:00:00,69.86328571428578,L/s,1786615200000
MSR 12,2026-08-13 16:00:00,58.603521126760555,L/s,1786636800000
MSR 12,2026-08-13 22:00:00,61.54188405797102,L/s,1786658400000
MSR 12,2026-08-14 04:00:00,62.80492753623189,L/s,1786680000000
MSR 12,2026-08-14 10:00:00,62.91323943661973,L/s,1786701600000
MSR 12,2026-08-14 16:00:00,60.23225352112677,L/s,1786723200000
MSR 12,2026-08-14 22:00:00,60.8176388888889,L/s,1786744800000
MSR 12,2026-08-15 04:00:00,61.09694444444444,L/s,1786766400000
MSR 12,2026-08-15 10:00:00,63.749718309859176,L/s,1786788000000
MSR 12,2026-08-15 16:00:00,278.4335211267606,L/s,1786809600000
MSR 12,2026-08-15 22:00:00,246.32295774647886,L/s,1786831200000
MSR 12,2026-08-16 04:00:00,108.84111111111116,L/s,1786852800000
MSR 12,2026-08-16 10:00:00,92.35985714285715,L/s,1786874400000
MSR 12,2026-08-16 16:00:00,86.09914285714288,L/s,1786896000000
MSR 12,2026-08-16 22:00:00,83.65957142857141,L/s,1786917600000
MSR 12,2026-08-17 04:00:00,84.48873239436624,L/s,1786939200000
MSR 12,2026-08-17 10:00:00,96.78070422535212,L/s,1786960800000
MSR 12,2026-08-17 16:00:00,84.05125,L/s,1786982400000
MSR 12,2026-08-17 22:00:00,85.05436619718311,L/s,1787004000000
MSR 12,2026-08-18 04:00:00,82.60611111111112,L/s,1787025600000
MSR 12,2026-08-18 10:00:00,77.79,L/s,1787047200000
MSR 12,2026-08-18 16:00:00,55.37171428571431,L/s,1787068800000
MSR 12,2026-08-18 22:00:00,51.32222222222225,L/s,1787090400000
MSR 12,2026-08-19 04:00:00,51.75366197183098,L/s,1787112000000
MSR 12,2026-08-19 10:00:00,49.22972222222226,L/s,1787133600000
MSR 12,2026-08-19 16:00:00,53.3069014084507,L/s,1787155200000
MSR 12,2026-08-19 22:00:00,54.08819444444444,L/s,1787176800000
MSR 12,2026-08-20 04:00:00,58.76056338028169,L/s,1787198400000
MSR 12,2026-08-20 10:00:00,59.576527777777784,L/s,1787220000000
MSR 12,2026-08-20 16:00:00,56.42676056338027,L/s,1787241600000
MSR 12,2026-08-20 22:00:00,55.900606060606044,L/s,1787263200000
Marco La Cuncuna,2026-08-06 03:31:16,7540.875,L/s,1785987076000
Marco La Cuncuna,2026-08-06 04:00:00,7524.531111111104,L/s,1785988800000
Marco La Cuncuna,2026-08-06 10:00:00,7595.524366197181,L/s,1786010400000
Marco La Cuncuna,2026-08-06 16:00:00,7550.316478873234,L/s,1786032000000
Marco La Cuncuna,2026-08-06 22:00:00,7530.4716666666645,L/s,1786053600000
Marco La Cuncuna,2026-08-07 04:00:00,7524.6914492753585,L/s,1786075200000
Marco La Cuncuna,2026-08-07 10:00:00,7502.5751388888875,L/s,1786096800000
Marco La Cuncuna,2026-08-07 16:00:00,6890.467222222221,L/s,1786118400000
Marco La Cuncuna,2026-08-07 22:00:00,7381.067916666667,L/s,1786140000000
Marco La Cuncuna,2026-08-08 04:00:00,3998.6554285714296,L/s,1786161600000
Marco La Cuncuna,2026-08-08 10:00:00,1249.7340845070419,L/s,1786183200000
Marco La Cuncuna,2026-08-08 16:00:00,1794.1843661971836,L/s,1786204800000
Marco La Cuncuna,2026-08-08 22:00:00,3506.917605633808,L/s,1786226400000
Marco La Cuncuna,2026-08-09 04:00:00,1259.1618055555546,L/s,1786248000000
Marco La Cuncuna,2026-08-09 10:00:00,1797.5511267605632,L/s,1786269600000
Marco La Cuncuna,2026-08-09 16:00:00,1257.6969444444442,L/s,1786291200000
Marco La Cuncuna,2026-08-09 22:00:00,1685.632535211266,L/s,1786312800000
Marco La Cuncuna,2026-08-10 04:00:00,3545.7423611111108,L/s,1786334400000
Marco La Cuncuna,2026-08-10 10:00:00,4797.947042253523,L/s,1786356000000
Marco La Cuncuna,2026-08-10 16:00:00,1672.546428571427,L/s,1786377600000
Marco La Cuncuna,2026-08-10 22:00:00,1851.940714285713,L/s,1786399200000
Marco La Cuncuna,2026-08-11 04:00:00,3277.597142857143,L/s,1786420800000
Marco La Cuncuna,2026-08-11 10:00:00,4296.827464788733,L/s,1786442400000
Marco La Cuncuna,2026-08-11 16:00:00,1879.4450704225362,L/s,1786464000000
Marco La Cuncuna,2026-08-11 22:00:00,3561.644225352116,L/s,1786485600000
Marco La Cuncuna,2026-08-12 04:00:00,2165.3932394366193,L/s,1786507200000
Marco La Cuncuna,2026-08-12 10:00:00,1898.7271830985903,L/s,1786528800000
Marco La Cuncuna,2026-08-12 16:00:00,7106.293857142855,L/s,1786550400000
Marco La Cuncuna,2026-08-12 22:00:00,7712.779436619718,L/s,1786572000000
Marco La Cuncuna,2026-08-13 04:00:00,7900.5127142857145,L/s,1786593600000
Marco La Cuncuna,2026-08-13 10:00:00,7861.058857142861,L/s,1786615200000
Marco La Cuncuna,2026-08-13 16:00:00,7754.661250000001,L/s,1786636800000
Marco La Cuncuna,2026-08-13 22:00:00,7793.241911764707,L/s,1786658400000
Marco La Cuncuna,2026-08-14 04:00:00,7823.233676470589,L/s,1786680000000
Marco La Cuncuna,2026-08-14 10:00:00,7840.748169014086,L/s,1786701600000
Marco La Cuncuna,2026-08-14 16:00:00,3291.2598591549336,L/s,1786723200000
Marco La Cuncuna,2026-08-14 22:00:00,1323.2236111111104,L/s,1786744800000
Marco La Cuncuna,2026-08-15 04:00:00,1339.557222222221,L/s,1786766400000
Marco La Cuncuna,2026-08-15 10:00:00,1402.736338028169,L/s,1786788000000
Marco La Cuncuna,2026-08-15 16:00:00,1679.0756338028173,L/s,1786809600000
Marco La Cuncuna,2026-08-15 22:00:00,7259.632676056337,L/s,1786831200000
Marco La Cuncuna,2026-08-16 04:00:00,4397.834027777782,L/s,1786852800000
Marco La Cuncuna,2026-08-16 10:00:00,1309.699714285714,L/s,1786874400000
Marco La Cuncuna,2026-08-16 16:00:00,2880.194507042254,L/s,1786896000000
Marco La Cuncuna,2026-08-16 22:00:00,5300.864000000002,L/s,1786917600000
Marco La Cuncuna,2026-08-17 04:00:00,4439.943943661974,L/s,1786939200000
Marco La Cuncuna,2026-08-17 10:00:00,4241.846760563381,L/s,1786960800000
Marco La Cuncuna,2026-08-17 16:00:00,6868.136666666666,L/s,1786982400000
Marco La Cuncuna,2026-08-17 22:00:00,7095.55855072464,L/s,1787004000000
Marco La Cuncuna,2026-08-18 04:00:00,6916.612394366198,L/s,1787025600000
Marco La Cuncuna,2026-08-18 10:00:00,6852.372253521127,L/s,1787047200000
Marco La Cuncuna,2026-08-18 16:00:00,8715.146338028168,L/s,1787068800000
Marco La Cuncuna,2026-08-18 22:00:00,4227.045416666669,L/s,1787090400000
Marco La Cuncuna,2026-08-19 04:00:00,6741.674929577469,L/s,1787112000000
Marco La Cuncuna,2026-08-19 10:00:00,3762.735694444445,L/s,1787133600000
Marco La Cuncuna,2026-08-19 16:00:00,9350.316571428568,L/s,1787155200000
Marco La Cuncuna,2026-08-19 22:00:00,7620.710833333334,L/s,1787176800000
Marco La Cuncuna,2026-08-20 04:00:00,6141.867464788735,L/s,1787198400000
Marco La Cuncuna,2026-08-20 10:00:00,3945.0876056338025,L/s,1787220000000
Marco La Cuncuna,2026-08-20 16:00:00,9355.209861111107,L/s,1787241600000
Marco La Cuncuna,2026-08-20 22:00:00,8226.345,L/s,1787263200000
MLI 1,2026-08-06 03:31:16,446.59399999999994,L/s,1785987076000
MLI 1,2026-08-06 04:00:00,442.93708333333325,L/s,1785988800000
MLI 1,2026-08-06 10:00:00,416.1092957746479,L/s,1786010400000
MLI 1,2026-08-06 16:00:00,386.8136619718312,L/s,1786032000000
MLI 1,2026-08-06 22:00:00,440.9283333333332,L/s,1786053600000
MLI 1,2026-08-07 04:00:00,443.95884057971017,L/s,1786075200000
MLI 1,2026-08-07 10:00:00,426.4606944444446,L/s,1786096800000
MLI 1,2026-08-07 16:00:00,407.64444444444456,L/s,1786118400000
MLI 1,2026-08-07 22:00:00,436.38652777777753,L/s,1786140000000
MLI 1,2026-08-08 04:00:00,439.9085714285714,L/s,1786161600000
MLI 1,2026-08-08 10:00:00,411.42830985915487,L/s,1786183200000
MLI 1,2026-08-08 16:00:00,386.18450704225353,L/s,1786204800000
MLI 1,2026-08-08 22:00:00,440.3294366197182,L/s,1786226400000
MLI 1,2026-08-09 04:00:00,448.3079166666668,L/s,1786248000000
MLI 1,2026-08-09 10:00:00,416.214647887324,L/s,1786269600000
MLI 1,2026-08-09 16:00:00,386.8116666666668,L/s,1786291200000
MLI 1,2026-08-09 22:00:00,445.09408450704234,L/s,1786312800000
MLI 1,2026-08-10 04:00:00,440.5480555555554,L/s,1786334400000
MLI 1,2026-08-10 10:00:00,430.99154929577486,L/s,1786356000000
MLI 1,2026-08-10 16:00:00,396.27942857142875,L/s,1786377600000
MLI 1,2026-08-10 22:00:00,405.70885714285714,L/s,1786399200000
MLI 1,2026-08-11 04:00:00,411.53,L/s,1786420800000
MLI 1,2026-08-11 10:00:00,402.2585915492961,L/s,1786442400000
MLI 1,2026-08-11 16:00:00,377.23338028169036,L/s,1786464000000
MLI 1,2026-08-11 22:00:00,407.9284507042255,L/s,1786485600000
MLI 1,2026-08-12 04:00:00,409.3060563380283,L/s,1786507200000
MLI 1,2026-08-12 10:00:00,383.6140845070422,L/s,1786528800000
MLI 1,2026-08-12 16:00:00,352.0984507042254,L/s,1786550400000
MLI 1,2026-08-12 22:00:00,423.3254166666668,L/s,1786572000000
MLI 1,2026-08-13 04:00:00,448.46471428571436,L/s,1786593600000
MLI 1,2026-08-13 10:00:00,431.3595714285715,L/s,1786615200000
MLI 1,2026-08-13 16:00:00,432.20486111111103,L/s,1786636800000
MLI 1,2026-08-13 22:00:00,443.7401449275363,L/s,1786658400000
MLI 1,2026-08-14 04:00:00,448.73671428571424,L/s,1786680000000
MLI 1,2026-08-14 10:00:00,432.0532857142859,L/s,1786701600000
MLI 1,2026-08-14 16:00:00,429.9153521126759,L/s,1786723200000
MLI 1,2026-08-14 22:00:00,451.25180555555556,L/s,1786744800000
MLI 1,2026-08-15 04:00:00,455.7737500000002,L/s,1786766400000
MLI 1,2026-08-15 10:00:00,467.443623188406,L/s,1786788000000
MLI 1,2026-08-15 16:00:00,515.5367605633803,L/s,1786809600000
MLI 1,2026-08-15 22:00:00,453.45718309859177,L/s,1786831200000
MLI 1,2026-08-16 04:00:00,454.86013888888897,L/s,1786852800000
MLI 1,2026-08-16 10:00:00,436.6159154929578,L/s,1786874400000
MLI 1,2026-08-16 16:00:00,412.96267605633795,L/s,1786896000000
MLI 1,2026-08-16 22:00:00,459.3777142857145,L/s,1786917600000
MLI 1,2026-08-17 04:00:00,464.347605633803,L/s,1786939200000
MLI 1,2026-08-17 10:00:00,445.04573529411783,L/s,1786960800000
MLI 1,2026-08-17 16:00:00,376.5447222222224,L/s,1786982400000
MLI 1,2026-08-17 22:00:00,465.0794366197186,L/s,1787004000000
MLI 1,2026-08-18 04:00:00,461.9683333333335,L/s,1787025600000
MLI 1,2026-08-18 10:00:00,435.91676056338065,L/s,1787047200000
MLI 1,2026-08-18 16:00:00,401.21563380281714,L/s,1787068800000
MLI 1,2026-08-18 22:00:00,453.8223611111112,L/s,1787090400000
MLI 1,2026-08-19 04:00:00,453.80732394366237,L/s,1787112000000
MLI 1,2026-08-19 10:00:00,429.09527777777794,L/s,1787133600000
MLI 1,2026-08-19 16:00:00,417.2036619718312,L/s,1787155200000
MLI 1,2026-08-19 22:00:00,491.7484722222221,L/s,1787176800000
MLI 1,2026-08-20 04:00:00,505.0784507042255,L/s,1787198400000
MLI 1,2026-08-20 10:00:00,476.1143055555556,L/s,1787220000000
MLI 1,2026-08-20 16:00:00,458.533142857143,L/s,1787241600000
MLI 1,2026-08-20 22:00:00,504.7744615384616,L/s,1787263200000
Marco C,2026-08-06 03:31:16,321.57166666666666,L/s,1785987076000
Marco C,2026-08-06 04:00:00,320.35833333333335,L/s,1785988800000
Marco C,2026-08-06 10:00:00,300.5392957746481,L/s,1786010400000
Marco C,2026-08-06 16:00:00,279.905352112676,L/s,1786032000000
Marco C,2026-08-06 22:00:00,311.3773611111111,L/s,1786053600000
Marco C,2026-08-07 04:00:00,310.0997101449275,L/s,1786075200000
Marco C,2026-08-07 10:00:00,304.8026388888888,L/s,1786096800000
Marco C,2026-08-07 16:00:00,293.0841666666666,L/s,1786118400000
Marco C,2026-08-07 22:00:00,306.6954166666667,L/s,1786140000000
Marco C,2026-08-08 04:00:00,307.74299999999994,L/s,1786161600000
Marco C,2026-08-08 10:00:00,297.22943661971834,L/s,1786183200000
Marco C,2026-08-08 16:00:00,273.44084507042254,L/s,1786204800000
Marco C,2026-08-08 22:00:00,300.34394366197165,L/s,1786226400000
Marco C,2026-08-09 04:00:00,306.11611111111097,L/s,1786248000000
Marco C,2026-08-09 10:00:00,294.24211267605637,L/s,1786269600000
Marco C,2026-08-09 16:00:00,277.1977777777777,L/s,1786291200000
Marco C,2026-08-09 22:00:00,304.0419718309858,L/s,1786312800000
Marco C,2026-08-10 04:00:00,306.9922222222222,L/s,1786334400000
Marco C,2026-08-10 10:00:00,303.54267605633805,L/s,1786356000000
Marco C,2026-08-10 16:00:00,287.84742857142845,L/s,1786377600000
Marco C,2026-08-10 22:00:00,294.6525714285714,L/s,1786399200000
Marco C,2026-08-11 04:00:00,296.9975714285713,L/s,1786420800000
Marco C,2026-08-11 10:00:00,289.897323943662,L/s,1786442400000
Marco C,2026-08-11 16:00:00,273.7888732394366,L/s,1786464000000
Marco C,2026-08-11 22:00:00,290.0795774647888,L/s,1786485600000
Marco C,2026-08-12 04:00:00,288.87676056338034,L/s,1786507200000
Marco C,2026-08-12 10:00:00,281.90309859154934,L/s,1786528800000
Marco C,2026-08-12 16:00:00,259.8022535211268,L/s,1786550400000
Marco C,2026-08-12 22:00:00,292.05295774647885,L/s,1786572000000
Marco C,2026-08-13 04:00:00,316.8387142857141,L/s,1786593600000
Marco C,2026-08-13 10:00:00,313.2626086956522,L/s,1786615200000
Marco C,2026-08-13 16:00:00,312.2253521126759,L/s,1786636800000
Marco C,2026-08-13 22:00:00,313.4234782608695,L/s,1786658400000
Marco C,2026-08-14 04:00:00,315.53942857142846,L/s,1786680000000
Marco C,2026-08-14 10:00:00,309.7654285714283,L/s,1786701600000
Marco C,2026-08-14 16:00:00,303.7642253521127,L/s,1786723200000
Marco C,2026-08-14 22:00:00,319.13225352112687,L/s,1786744800000
Marco C,2026-08-15 04:00:00,317.9998611111111,L/s,1786766400000
Marco C,2026-08-15 10:00:00,330.96239436619715,L/s,1786788000000
Marco C,2026-08-15 16:00:00,382.27771428571424,L/s,1786809600000
Marco C,2026-08-15 22:00:00,313.68267605633787,L/s,1786831200000
Marco C,2026-08-16 04:00:00,311.9702816901409,L/s,1786852800000
Marco C,2026-08-16 10:00:00,302.98577464788735,L/s,1786874400000
Marco C,2026-08-16 16:00:00,288.9964788732395,L/s,1786896000000
Marco C,2026-08-16 22:00:00,313.86914285714283,L/s,1786917600000
Marco C,2026-08-17 04:00:00,314.63521126760577,L/s,1786939200000
Marco C,2026-08-17 10:00:00,306.68352112676064,L/s,1786960800000
Marco C,2026-08-17 16:00:00,264.48305555555567,L/s,1786982400000
Marco C,2026-08-17 22:00:00,310.24394366197185,L/s,1787004000000
Marco C,2026-08-18 04:00:00,315.526111111111,L/s,1787025600000
Marco C,2026-08-18 10:00:00,300.5529577464788,L/s,1787047200000
Marco C,2026-08-18 16:00:00,281.50614285714283,L/s,1787068800000
Marco C,2026-08-18 22:00:00,317.77972222222223,L/s,1787090400000
Marco C,2026-08-19 04:00:00,318.7062318840578,L/s,1787112000000
Marco C,2026-08-19 10:00:00,304.8237499999999,L/s,1787133600000
Marco C,2026-08-19 16:00:00,297.5448571428572,L/s,1787155200000
Marco C,2026-08-19 22:00:00,333.7441666666666,L/s,1787176800000
Marco C,2026-08-20 04:00:00,340.31859154929583,L/s,1787198400000
Marco C,2026-08-20 10:00:00,317.5908333333334,L/s,1787220000000
Marco C,2026-08-20 16:00:00,286.93125,L/s,1787241600000
Marco C,2026-08-20 22:00:00,312.80384615384605,L/s,1787263200000
MEL 1,2026-08-06 03:31:16,15.661666666666667,L/s,1785987076000
MEL 1,2026-08-06 04:00:00,16.448055555555566,L/s,1785988800000
MEL 1,2026-08-06 10:00:00,15.778450704225362,L/s,1786010400000
MEL 1,2026-08-06 16:00:00,14.047887323943668,L/s,1786032000000
MEL 1,2026-08-06 22:00:00,15.44083333333333,L/s,1786053600000
MEL 1,2026-08-07 04:00:00,15.635942028985513,L/s,1786075200000
MEL 1,2026-08-07 10:00:00,15.18333333333334,L/s,1786096800000
MEL 1,2026-08-07 16:00:00,14.207777777777775,L/s,1786118400000
MEL 1,2026-08-07 22:00:00,14.995277777777769,L/s,1786140000000
MEL 1,2026-08-08 04:00:00,15.168571428571427,L/s,1786161600000
MEL 1,2026-08-08 10:00:00,14.884507042253533,L/s,1786183200000
MEL 1,2026-08-08 16:00:00,13.669577464788741,L/s,1786204800000
MEL 1,2026-08-08 22:00:00,14.959295774647892,L/s,1786226400000
MEL 1,2026-08-09 04:00:00,15.304583333333332,L/s,1786248000000
MEL 1,2026-08-09 10:00:00,15.509295774647882,L/s,1786269600000
MEL 1,2026-08-09 16:00:00,13.743888888888893,L/s,1786291200000
MEL 1,2026-08-09 22:00:00,15.262816901408458,L/s,1786312800000
MEL 1,2026-08-10 04:00:00,15.091111111111111,L/s,1786334400000
MEL 1,2026-08-10 10:00:00,15.223380281690142,L/s,1786356000000
MEL 1,2026-08-10 16:00:00,13.879142857142858,L/s,1786377600000
MEL 1,2026-08-10 22:00:00,14.257000000000005,L/s,1786399200000
MEL 1,2026-08-11 04:00:00,14.478428571428568,L/s,1786420800000
MEL 1,2026-08-11 10:00:00,14.074084507042258,L/s,1786442400000
MEL 1,2026-08-11 16:00:00,13.271971830985928,L/s,1786464000000
MEL 1,2026-08-11 22:00:00,14.05042253521127,L/s,1786485600000
MEL 1,2026-08-12 04:00:00,14.028873239436628,L/s,1786507200000
MEL 1,2026-08-12 10:00:00,13.906901408450711,L/s,1786528800000
MEL 1,2026-08-12 16:00:00,12.725492957746487,L/s,1786550400000
MEL 1,2026-08-12 22:00:00,14.595774647887334,L/s,1786572000000
MEL 1,2026-08-13 04:00:00,16.690285714285718,L/s,1786593600000
MEL 1,2026-08-13 10:00:00,15.513571428571433,L/s,1786615200000
MEL 1,2026-08-13 16:00:00,15.228169014084507,L/s,1786636800000
MEL 1,2026-08-13 22:00:00,16.024057971014496,L/s,1786658400000
MEL 1,2026-08-14 04:00:00,15.936571428571437,L/s,1786680000000
MEL 1,2026-08-14 10:00:00,15.510140845070422,L/s,1786701600000
MEL 1,2026-08-14 16:00:00,15.102535211267602,L/s,1786723200000
MEL 1,2026-08-14 22:00:00,15.891666666666676,L/s,1786744800000
MEL 1,2026-08-15 04:00:00,16.089999999999996,L/s,1786766400000
MEL 1,2026-08-15 10:00:00,17.576197183098596,L/s,1786788000000
MEL 1,2026-08-15 16:00:00,22.814788732394362,L/s,1786809600000
MEL 1,2026-08-15 22:00:00,15.57915492957747,L/s,1786831200000
MEL 1,2026-08-16 04:00:00,15.110704225352118,L/s,1786852800000
MEL 1,2026-08-16 10:00:00,14.927605633802825,L/s,1786874400000
MEL 1,2026-08-16 16:00:00,13.926086956521747,L/s,1786896000000
MEL 1,2026-08-16 22:00:00,15.421449275362324,L/s,1786917600000
MEL 1,2026-08-17 04:00:00,15.641126760563386,L/s,1786939200000
MEL 1,2026-08-17 10:00:00,15.158591549295782,L/s,1786960800000
MEL 1,2026-08-17 16:00:00,12.61125,L/s,1786982400000
MEL 1,2026-08-17 22:00:00,15.247428571428577,L/s,1787004000000
MEL 1,2026-08-18 04:00:00,15.547499999999994,L/s,1787025600000
MEL 1,2026-08-18 10:00:00,15.558169014084509,L/s,1787047200000
MEL 1,2026-08-18 16:00:00,14.138591549295775,L/s,1787068800000
MEL 1,2026-08-18 22:00:00,15.704583333333327,L/s,1787090400000
MEL 1,2026-08-19 04:00:00,16.126338028169016,L/s,1787112000000
MEL 1,2026-08-19 10:00:00,16.029718309859156,L/s,1787133600000
MEL 1,2026-08-19 16:00:00,15.449857142857143,L/s,1787155200000
MEL 1,2026-08-19 22:00:00,17.63611111111111,L/s,1787176800000
MEL 1,2026-08-20 04:00:00,18.585352112676066,L/s,1787198400000
MEL 1,2026-08-20 10:00:00,18.88605633802817,L/s,1787220000000
MEL 1,2026-08-20 16:00:00,16.35055555555556,L/s,1787241600000
MEL 1,2026-08-20 22:00:00,17.354375000000005,L/s,1787263200000
MEL 4,2026-08-06 03:31:16,245.544,L/s,1785987076000
MEL 4,2026-08-06 04:00:00,293.1591666666666,L/s,1785988800000
MEL 4,2026-08-06 10:00:00,249.4747887323943,L/s,1786010400000
MEL 4,2026-08-06 16:00:00,238.67943661971822,L/s,1786032000000
MEL 4,2026-08-06 22:00:00,246.12138888888882,L/s,1786053600000
MEL 4,2026-08-07 04:00:00,247.00101449275357,L/s,1786075200000
MEL 4,2026-08-07 10:00:00,241.324861111111,L/s,1786096800000
MEL 4,2026-08-07 16:00:00,234.4929166666666,L/s,1786118400000
MEL 4,2026-08-07 22:00:00,244.33069444444442,L/s,1786140000000
MEL 4,2026-08-08 04:00:00,246.49728571428562,L/s,1786161600000
MEL 4,2026-08-08 10:00:00,240.73154929577453,L/s,1786183200000
MEL 4,2026-08-08 16:00:00,235.08830985915478,L/s,1786204800000
MEL 4,2026-08-08 22:00:00,243.231690140845,L/s,1786226400000
MEL 4,2026-08-09 04:00:00,245.56083333333325,L/s,1786248000000
MEL 4,2026-08-09 10:00:00,241.34253521126755,L/s,1786269600000
MEL 4,2026-08-09 16:00:00,238.26305555555558,L/s,1786291200000
MEL 4,2026-08-09 22:00:00,246.98323943661973,L/s,1786312800000
MEL 4,2026-08-10 04:00:00,246.14930555555546,L/s,1786334400000
MEL 4,2026-08-10 10:00:00,247.35366197183083,L/s,1786356000000
MEL 4,2026-08-10 16:00:00,237.69557142857124,L/s,1786377600000
MEL 4,2026-08-10 22:00:00,236.58828571428558,L/s,1786399200000
MEL 4,2026-08-11 04:00:00,240.57757142857122,L/s,1786420800000
MEL 4,2026-08-11 10:00:00,236.802676056338,L/s,1786442400000
MEL 4,2026-08-11 16:00:00,228.50535211267592,L/s,1786464000000
MEL 4,2026-08-11 22:00:00,233.14845070422527,L/s,1786485600000
MEL 4,2026-08-12 04:00:00,232.68323943661966,L/s,1786507200000
MEL 4,2026-08-12 10:00:00,229.11253521126756,L/s,1786528800000
MEL 4,2026-08-12 16:00:00,212.22211267605635,L/s,1786550400000
MEL 4,2026-08-12 22:00:00,207.68507042253515,L/s,1786572000000
MEL 4,2026-08-13 04:00:00,227.81957142857146,L/s,1786593600000
MEL 4,2026-08-13 10:00:00,231.8129999999999,L/s,1786615200000
MEL 4,2026-08-13 16:00:00,255.39971428571423,L/s,1786636800000
MEL 4,2026-08-13 22:00:00,278.26731343283586,L/s,1786658400000
MEL 4,2026-08-14 04:00:00,280.1927142857142,L/s,1786680000000
MEL 4,2026-08-14 10:00:00,277.3648611111111,L/s,1786701600000
MEL 4,2026-08-14 16:00:00,276.72926470588243,L/s,1786723200000
MEL 4,2026-08-14 22:00:00,280.8950704225351,L/s,1786744800000
MEL 4,2026-08-15 04:00:00,282.24805555555554,L/s,1786766400000
MEL 4,2026-08-15 10:00:00,297.8518309859154,L/s,1786788000000
MEL 4,2026-08-15 16:00:00,503.23281690140846,L/s,1786809600000
MEL 4,2026-08-15 22:00:00,322.4201388888889,L/s,1786831200000
MEL 4,2026-08-16 04:00:00,287.393,L/s,1786852800000
MEL 4,2026-08-16 10:00:00,282.43271428571444,L/s,1786874400000
MEL 4,2026-08-16 16:00:00,280.0491428571428,L/s,1786896000000
MEL 4,2026-08-16 22:00:00,290.19742857142853,L/s,1786917600000
MEL 4,2026-08-17 04:00:00,295.9847142857142,L/s,1786939200000
MEL 4,2026-08-17 10:00:00,298.42028169014105,L/s,1786960800000
MEL 4,2026-08-17 16:00:00,269.0320833333334,L/s,1786982400000
MEL 4,2026-08-17 22:00:00,293.0467605633802,L/s,1787004000000
MEL 4,2026-08-18 04:00:00,291.3508333333333,L/s,1787025600000
MEL 4,2026-08-18 10:00:00,290.8418309859156,L/s,1787047200000
MEL 4,2026-08-18 16:00:00,287.92391304347825,L/s,1787068800000
MEL 4,2026-08-18 22:00:00,299.95472222222224,L/s,1787090400000
MEL 4,2026-08-19 04:00:00,303.9774647887324,L/s,1787112000000
MEL 4,2026-08-19 10:00:00,310.178611111111,L/s,1787133600000
MEL 4,2026-08-19 16:00:00,336.4608450704226,L/s,1787155200000
MEL 4,2026-08-19 22:00:00,342.20111111111123,L/s,1787176800000
MEL 4,2026-08-20 04:00:00,327.6301408450705,L/s,1787198400000
MEL 4,2026-08-20 10:00:00,299.8949295774648,L/s,1787220000000
MEL 4,2026-08-20 16:00:00,243.4411111111111,L/s,1787241600000
MEL 4,2026-08-20 22:00:00,251.174,L/s,1787263200000
MEL 6,2026-08-06 03:31:16,140.87,L/s,1785987076000
MEL 6,2026-08-06 04:00:00,174.86942028985507,L/s,1785988800000
MEL 6,2026-08-06 10:00:00,150.5463380281692,L/s,1786010400000
MEL 6,2026-08-06 16:00:00,141.33098591549307,L/s,1786032000000
MEL 6,2026-08-06 22:00:00,141.59069444444452,L/s,1786053600000
MEL 6,2026-08-07 04:00:00,140.1508695652174,L/s,1786075200000
MEL 6,2026-08-07 10:00:00,138.40888888888887,L/s,1786096800000
MEL 6,2026-08-07 16:00:00,137.55083333333334,L/s,1786118400000
MEL 6,2026-08-07 22:00:00,138.00569444444457,L/s,1786140000000
MEL 6,2026-08-08 04:00:00,138.86228571428572,L/s,1786161600000
MEL 6,2026-08-08 10:00:00,138.2839436619718,L/s,1786183200000
MEL 6,2026-08-08 16:00:00,135.9067605633804,L/s,1786204800000
MEL 6,2026-08-08 22:00:00,138.1254929577464,L/s,1786226400000
MEL 6,2026-08-09 04:00:00,138.5745833333334,L/s,1786248000000
MEL 6,2026-08-09 10:00:00,138.89253521126767,L/s,1786269600000
MEL 6,2026-08-09 16:00:00,137.13416666666677,L/s,1786291200000
MEL 6,2026-08-09 22:00:00,139.66098591549306,L/s,1786312800000
MEL 6,2026-08-10 04:00:00,139.13500000000005,L/s,1786334400000
MEL 6,2026-08-10 10:00:00,143.214647887324,L/s,1786356000000
MEL 6,2026-08-10 16:00:00,136.07742857142847,L/s,1786377600000
MEL 6,2026-08-10 22:00:00,135.18142857142863,L/s,1786399200000
MEL 6,2026-08-11 04:00:00,138.22500000000002,L/s,1786420800000
MEL 6,2026-08-11 10:00:00,136.5042253521126,L/s,1786442400000
MEL 6,2026-08-11 16:00:00,114.57732394366195,L/s,1786464000000
MEL 6,2026-08-11 22:00:00,95.13112676056335,L/s,1786485600000
MEL 6,2026-08-12 04:00:00,96.18042253521119,L/s,1786507200000
MEL 6,2026-08-12 10:00:00,96.05845070422525,L/s,1786528800000
MEL 6,2026-08-12 16:00:00,91.8842253521127,L/s,1786550400000
MEL 6,2026-08-12 22:00:00,82.20619718309864,L/s,1786572000000
MEL 6,2026-08-13 04:00:00,94.40371428571427,L/s,1786593600000
MEL 6,2026-08-13 10:00:00,90.2384057971014,L/s,1786615200000
MEL 6,2026-08-13 16:00:00,90.21777777777783,L/s,1786636800000
MEL 6,2026-08-13 22:00:00,99.52676470588226,L/s,1786658400000
MEL 6,2026-08-14 04:00:00,100.52228571428559,L/s,1786680000000
MEL 6,2026-08-14 10:00:00,98.73742857142847,L/s,1786701600000
MEL 6,2026-08-14 16:00:00,101.53228571428573,L/s,1786723200000
MEL 6,2026-08-14 22:00:00,104.99628571428572,L/s,1786744800000
MEL 6,2026-08-15 04:00:00,106.06194444444453,L/s,1786766400000
MEL 6,2026-08-15 10:00:00,109.63140845070423,L/s,1786788000000
MEL 6,2026-08-15 16:00:00,211.16140845070422,L/s,1786809600000
MEL 6,2026-08-15 22:00:00,162.1938028169013,L/s,1786831200000
MEL 6,2026-08-16 04:00:00,113.01263888888886,L/s,1786852800000
MEL 6,2026-08-16 10:00:00,112.25267605633799,L/s,1786874400000
MEL 6,2026-08-16 16:00:00,112.481,L/s,1786896000000
MEL 6,2026-08-16 22:00:00,113.72128571428571,L/s,1786917600000
MEL 6,2026-08-17 04:00:00,115.93347826086956,L/s,1786939200000
MEL 6,2026-08-17 10:00:00,119.69114285714285,L/s,1786960800000
MEL 6,2026-08-17 16:00:00,105.65680555555555,L/s,1786982400000
MEL 6,2026-08-17 22:00:00,111.46338028169014,L/s,1787004000000
MEL 6,2026-08-18 04:00:00,112.6755555555555,L/s,1787025600000
MEL 6,2026-08-18 10:00:00,114.78183098591545,L/s,1787047200000
MEL 6,2026-08-18 16:00:00,117.1057746478873,L/s,1787068800000
MEL 6,2026-08-18 22:00:00,124.07722222222216,L/s,1787090400000
MEL 6,2026-08-19 04:00:00,122.4459154929578,L/s,1787112000000
MEL 6,2026-08-19 10:00:00,115.20791666666653,L/s,1787133600000
MEL 6,2026-08-19 16:00:00,107.03859154929573,L/s,1787155200000
MEL 6,2026-08-19 22:00:00,109.10833333333328,L/s,1787176800000
MEL 6,2026-08-20 04:00:00,116.30746478873245,L/s,1787198400000
MEL 6,2026-08-20 10:00:00,122.85999999999997,L/s,1787220000000
MEL 6,2026-08-20 16:00:00,124.9478873239437,L/s,1787241600000
MEL 6,2026-08-20 22:00:00,151.4606060606061,L/s,1787263200000
MSR 19,2026-08-06 03:31:16,337.22499999999997,L/s,1785987076000
MSR 19,2026-08-06 04:00:00,356.75486111111104,L/s,1785988800000
MSR 19,2026-08-06 10:00:00,465.56267605633786,L/s,1786010400000
MSR 19,2026-08-06 16:00:00,527.647042253521,L/s,1786032000000
MSR 19,2026-08-06 22:00:00,523.4697222222225,L/s,1786053600000
MSR 19,2026-08-07 04:00:00,530.242898550725,L/s,1786075200000
MSR 19,2026-08-07 10:00:00,523.6866666666666,L/s,1786096800000
MSR 19,2026-08-07 16:00:00,418.1463888888893,L/s,1786118400000
MSR 19,2026-08-07 22:00:00,334.2961111111111,L/s,1786140000000
MSR 19,2026-08-08 04:00:00,343.42842857142847,L/s,1786161600000
MSR 19,2026-08-08 10:00:00,342.97140845070425,L/s,1786183200000
MSR 19,2026-08-08 16:00:00,341.07197183098594,L/s,1786204800000
MSR 19,2026-08-08 22:00:00,337.4633802816902,L/s,1786226400000
MSR 19,2026-08-09 04:00:00,330.85388888888906,L/s,1786248000000
MSR 19,2026-08-09 10:00:00,321.3202816901408,L/s,1786269600000
MSR 19,2026-08-09 16:00:00,308.23749999999995,L/s,1786291200000
MSR 19,2026-08-09 22:00:00,329.0240845070424,L/s,1786312800000
MSR 19,2026-08-10 04:00:00,331.04,L/s,1786334400000
MSR 19,2026-08-10 10:00:00,337.80802816901405,L/s,1786356000000
MSR 19,2026-08-10 16:00:00,610.2174285714286,L/s,1786377600000
MSR 19,2026-08-10 22:00:00,589.6022857142859,L/s,1786399200000
MSR 19,2026-08-11 04:00:00,580.4070000000002,L/s,1786420800000
MSR 19,2026-08-11 10:00:00,568.2853521126757,L/s,1786442400000
MSR 19,2026-08-11 16:00:00,484.92915492957746,L/s,1786464000000
MSR 19,2026-08-11 22:00:00,421.0197183098594,L/s,1786485600000
MSR 19,2026-08-12 04:00:00,425.3385915492958,L/s,1786507200000
MSR 19,2026-08-12 10:00:00,515.798309859155,L/s,1786528800000
MSR 19,2026-08-12 16:00:00,715.7040845070425,L/s,1786550400000
MSR 19,2026-08-12 22:00:00,728.217042253521,L/s,1786572000000
MSR 19,2026-08-13 04:00:00,766.3157142857144,L/s,1786593600000
MSR 19,2026-08-13 10:00:00,770.8452857142858,L/s,1786615200000
MSR 19,2026-08-13 16:00:00,540.7312499999998,L/s,1786636800000
MSR 19,2026-08-13 22:00:00,844.8776811594195,L/s,1786658400000
MSR 19,2026-08-14 04:00:00,886.879999999999,L/s,1786680000000
MSR 19,2026-08-14 10:00:00,776.4498591549301,L/s,1786701600000
MSR 19,2026-08-14 16:00:00,523.2933802816902,L/s,1786723200000
MSR 19,2026-08-14 22:00:00,210.48333333333335,L/s,1786744800000
MSR 19,2026-08-15 04:00:00,214.76124999999996,L/s,1786766400000
MSR 19,2026-08-15 10:00:00,224.65028169014087,L/s,1786788000000
MSR 19,2026-08-15 16:00:00,259.62028169014076,L/s,1786809600000
MSR 19,2026-08-15 22:00:00,261.5294366197182,L/s,1786831200000
MSR 19,2026-08-16 04:00:00,246.7554166666666,L/s,1786852800000
MSR 19,2026-08-16 10:00:00,240.8300000000001,L/s,1786874400000
MSR 19,2026-08-16 16:00:00,221.8688732394367,L/s,1786896000000
MSR 19,2026-08-16 22:00:00,220.95814285714295,L/s,1786917600000
MSR 19,2026-08-17 04:00:00,221.70676056338033,L/s,1786939200000
MSR 19,2026-08-17 10:00:00,229.394366197183,L/s,1786960800000
MSR 19,2026-08-17 16:00:00,225.89805555555552,L/s,1786982400000
MSR 19,2026-08-17 22:00:00,223.4440845070423,L/s,1787004000000
MSR 19,2026-08-18 04:00:00,224.43027777777775,L/s,1787025600000
MSR 19,2026-08-18 10:00:00,255.3109859154929,L/s,1787047200000
MSR 19,2026-08-18 16:00:00,338.548309859155,L/s,1787068800000
MSR 19,2026-08-18 22:00:00,344.8673611111111,L/s,1787090400000
MSR 19,2026-08-19 04:00:00,348.6608450704225,L/s,1787112000000
MSR 19,2026-08-19 10:00:00,365.76597222222216,L/s,1787133600000
MSR 19,2026-08-19 16:00:00,408.14197183098577,L/s,1787155200000
MSR 19,2026-08-19 22:00:00,419.3991666666669,L/s,1787176800000
MSR 19,2026-08-20 04:00:00,428.98084507042245,L/s,1787198400000
MSR 19,2026-08-20 10:00:00,425.6833333333332,L/s,1787220000000
MSR 19,2026-08-20 16:00:00,418.2634722222221,L/s,1787241600000
MSR 19,2026-08-20 22:00:00,598.068787878788,L/s,1787263200000
MSR 17,2026-08-06 03:31:16,277.9799999999999,L/s,1785987076000
MSR 17,2026-08-06 04:00:00,299.10902777777767,L/s,1785988800000
MSR 17,2026-08-06 10:00:00,300.2830985915491,L/s,1786010400000
MSR 17,2026-08-06 16:00:00,279.23887323943654,L/s,1786032000000
MSR 17,2026-08-06 22:00:00,279.5338888888889,L/s,1786053600000
MSR 17,2026-08-07 04:00:00,275.1076811594201,L/s,1786075200000
MSR 17,2026-08-07 10:00:00,276.4991666666666,L/s,1786096800000
MSR 17,2026-08-07 16:00:00,288.3340277777777,L/s,1786118400000
MSR 17,2026-08-07 22:00:00,292.3966666666665,L/s,1786140000000
MSR 17,2026-08-08 04:00:00,290.356857142857,L/s,1786161600000
MSR 17,2026-08-08 10:00:00,280.22014084507055,L/s,1786183200000
MSR 17,2026-08-08 16:00:00,272.5387323943664,L/s,1786204800000
MSR 17,2026-08-08 22:00:00,267.89845070422564,L/s,1786226400000
MSR 17,2026-08-09 04:00:00,263.32180555555567,L/s,1786248000000
MSR 17,2026-08-09 10:00:00,252.2250704225352,L/s,1786269600000
MSR 17,2026-08-09 16:00:00,249.11013888888868,L/s,1786291200000
MSR 17,2026-08-09 22:00:00,245.25704225352123,L/s,1786312800000
MSR 17,2026-08-10 04:00:00,243.2112499999999,L/s,1786334400000
MSR 17,2026-08-10 10:00:00,238.40140845070437,L/s,1786356000000
MSR 17,2026-08-10 16:00:00,230.85685714285694,L/s,1786377600000
MSR 17,2026-08-10 22:00:00,225.6479999999996,L/s,1786399200000
MSR 17,2026-08-11 04:00:00,221.32485714285698,L/s,1786420800000
MSR 17,2026-08-11 10:00:00,218.17281690140842,L/s,1786442400000
MSR 17,2026-08-11 16:00:00,210.9492957746479,L/s,1786464000000
MSR 17,2026-08-11 22:00:00,205.13042253521135,L/s,1786485600000
MSR 17,2026-08-12 04:00:00,206.588732394366,L/s,1786507200000
MSR 17,2026-08-12 10:00:00,308.95690140845056,L/s,1786528800000
MSR 17,2026-08-12 16:00:00,350.867746478873,L/s,1786550400000
MSR 17,2026-08-12 22:00:00,358.091690140845,L/s,1786572000000
MSR 17,2026-08-13 04:00:00,367.68271428571444,L/s,1786593600000
MSR 17,2026-08-13 10:00:00,366.94342857142874,L/s,1786615200000
MSR 17,2026-08-13 16:00:00,363.3738888888892,L/s,1786636800000
MSR 17,2026-08-13 22:00:00,369.2664705882352,L/s,1786658400000
MSR 17,2026-08-14 04:00:00,404.31799999999987,L/s,1786680000000
MSR 17,2026-08-14 10:00:00,393.25521126760555,L/s,1786701600000
MSR 17,2026-08-14 16:00:00,150.46728571428568,L/s,1786723200000
MSR 17,2026-08-14 22:00:00,152.80402777777783,L/s,1786744800000
MSR 17,2026-08-15 04:00:00,154.73736111111089,L/s,1786766400000
MSR 17,2026-08-15 10:00:00,156.12915492957728,L/s,1786788000000
MSR 17,2026-08-15 16:00:00,176.8335211267607,L/s,1786809600000
MSR 17,2026-08-15 22:00:00,183.0111267605635,L/s,1786831200000
MSR 17,2026-08-16 04:00:00,173.53315068493146,L/s,1786852800000
MSR 17,2026-08-16 10:00:00,165.78802816901398,L/s,1786874400000
MSR 17,2026-08-16 16:00:00,161.8239436619718,L/s,1786896000000
MSR 17,2026-08-16 22:00:00,163.34299999999996,L/s,1786917600000
MSR 17,2026-08-17 04:00:00,160.94943661971823,L/s,1786939200000
MSR 17,2026-08-17 10:00:00,164.78414285714297,L/s,1786960800000
MSR 17,2026-08-17 16:00:00,161.75583333333327,L/s,1786982400000
MSR 17,2026-08-17 22:00:00,156.63380281690127,L/s,1787004000000
MSR 17,2026-08-18 04:00:00,156.5527777777778,L/s,1787025600000
MSR 17,2026-08-18 10:00:00,209.6914084507042,L/s,1787047200000
MSR 17,2026-08-18 16:00:00,250.88591549295757,L/s,1787068800000
MSR 17,2026-08-18 22:00:00,251.4506944444444,L/s,1787090400000
MSR 17,2026-08-19 04:00:00,249.98070422535199,L/s,1787112000000
MSR 17,2026-08-19 10:00:00,283.9314084507043,L/s,1787133600000
MSR 17,2026-08-19 16:00:00,308.973661971831,L/s,1787155200000
MSR 17,2026-08-19 22:00:00,310.82000000000016,L/s,1787176800000
MSR 17,2026-08-20 04:00:00,311.6605714285713,L/s,1787198400000
MSR 17,2026-08-20 10:00:00,298.8870833333333,L/s,1787220000000
MSR 17,2026-08-20 16:00:00,294.02333333333326,L/s,1787241600000
MSR 17,2026-08-20 22:00:00,300.62095238095225,L/s,1787263200000
MSR 16,2026-08-06 03:31:16,157.828,L/s,1785987076000
MSR 16,2026-08-06 04:00:00,203.7406944444445,L/s,1785988800000
MSR 16,2026-08-06 10:00:00,206.20690140845062,L/s,1786010400000
MSR 16,2026-08-06 16:00:00,170.26126760563392,L/s,1786032000000
MSR 16,2026-08-06 22:00:00,183.5811111111109,L/s,1786053600000
MSR 16,2026-08-07 04:00:00,184.37275362318852,L/s,1786075200000
MSR 16,2026-08-07 10:00:00,182.1095833333335,L/s,1786096800000
MSR 16,2026-08-07 16:00:00,170.92250000000024,L/s,1786118400000
MSR 16,2026-08-07 22:00:00,174.13875000000016,L/s,1786140000000
MSR 16,2026-08-08 04:00:00,175.14428571428584,L/s,1786161600000
MSR 16,2026-08-08 10:00:00,175.3680281690142,L/s,1786183200000
MSR 16,2026-08-08 16:00:00,161.09295774647896,L/s,1786204800000
MSR 16,2026-08-08 22:00:00,187.49563380281703,L/s,1786226400000
MSR 16,2026-08-09 04:00:00,199.87111111111096,L/s,1786248000000
MSR 16,2026-08-09 10:00:00,203.23366197183088,L/s,1786269600000
MSR 16,2026-08-09 16:00:00,184.61861111111108,L/s,1786291200000
MSR 16,2026-08-09 22:00:00,203.22521126760552,L/s,1786312800000
MSR 16,2026-08-10 04:00:00,205.2276388888887,L/s,1786334400000
MSR 16,2026-08-10 10:00:00,206.43957746478873,L/s,1786356000000
MSR 16,2026-08-10 16:00:00,203.34685714285706,L/s,1786377600000
MSR 16,2026-08-10 22:00:00,207.34657142857142,L/s,1786399200000
MSR 16,2026-08-11 04:00:00,211.67999999999986,L/s,1786420800000
MSR 16,2026-08-11 10:00:00,212.02323943661983,L/s,1786442400000
MSR 16,2026-08-11 16:00:00,198.70605633802816,L/s,1786464000000
MSR 16,2026-08-11 22:00:00,210.05521126760587,L/s,1786485600000
MSR 16,2026-08-12 04:00:00,213.96577464788746,L/s,1786507200000
MSR 16,2026-08-12 10:00:00,211.962676056338,L/s,1786528800000
MSR 16,2026-08-12 16:00:00,195.1276056338028,L/s,1786550400000
MSR 16,2026-08-12 22:00:00,211.97704225352103,L/s,1786572000000
MSR 16,2026-08-13 04:00:00,238.29757142857144,L/s,1786593600000
MSR 16,2026-08-13 10:00:00,237.17999999999998,L/s,1786615200000
MSR 16,2026-08-13 16:00:00,234.1702777777779,L/s,1786636800000
MSR 16,2026-08-13 22:00:00,250.0784057971014,L/s,1786658400000
MSR 16,2026-08-14 04:00:00,230.7252857142858,L/s,1786680000000
MSR 16,2026-08-14 10:00:00,209.35676056338022,L/s,1786701600000
MSR 16,2026-08-14 16:00:00,202.27535211267596,L/s,1786723200000
MSR 16,2026-08-14 22:00:00,214.2546478873242,L/s,1786744800000
MSR 16,2026-08-15 04:00:00,218.70577464788738,L/s,1786766400000
MSR 16,2026-08-15 10:00:00,225.07449275362322,L/s,1786788000000
MSR 16,2026-08-15 16:00:00,569.7222535211266,L/s,1786809600000
MSR 16,2026-08-15 22:00:00,668.2422535211268,L/s,1786831200000
MSR 16,2026-08-16 04:00:00,418.97028169014095,L/s,1786852800000
MSR 16,2026-08-16 10:00:00,373.4567142857145,L/s,1786874400000
MSR 16,2026-08-16 16:00:00,341.422253521127,L/s,1786896000000
MSR 16,2026-08-16 22:00:00,340.892142857143,L/s,1786917600000
MSR 16,2026-08-17 04:00:00,341.1523943661974,L/s,1786939200000
MSR 16,2026-08-17 10:00:00,381.1627777777778,L/s,1786960800000
MSR 16,2026-08-17 16:00:00,318.12069444444427,L/s,1786982400000
MSR 16,2026-08-17 22:00:00,333.266857142857,L/s,1787004000000
MSR 16,2026-08-18 04:00:00,337.32222222222236,L/s,1787025600000
MSR 16,2026-08-18 10:00:00,242.4491549295775,L/s,1787047200000
MSR 16,2026-08-18 16:00:00,104.86126760563373,L/s,1787068800000
MSR 16,2026-08-18 22:00:00,113.9836111111111,L/s,1787090400000
MSR 16,2026-08-19 04:00:00,114.166338028169,L/s,1787112000000
MSR 16,2026-08-19 10:00:00,113.36999999999996,L/s,1787133600000
MSR 16,2026-08-19 16:00:00,102.57478873239428,L/s,1787155200000
MSR 16,2026-08-19 22:00:00,119.25555555555563,L/s,1787176800000
MSR 16,2026-08-20 04:00:00,127.22699999999999,L/s,1787198400000
MSR 16,2026-08-20 10:00:00,132.00333333333325,L/s,1787220000000
MSR 16,2026-08-20 16:00:00,115.06069444444445,L/s,1787241600000
MSR 16,2026-08-20 22:00:00,126.3042187500001,L/s,1787263200000
Clon MarcoB,2026-08-06 03:31:16,898.8461503292302,L/s,1785987076000
Clon MarcoB,2026-08-06 04:00:00,901.0140616269243,L/s,1785988800000
Clon MarcoB,2026-08-06 10:00:00,902.8852102670392,L/s,1786010400000
Clon MarcoB,2026-08-06 16:00:00,897.2973187499996,L/s,1786032000000
Clon MarcoB,2026-08-06 22:00:00,907.6413162250705,L/s,1786053600000
Clon MarcoB,2026-08-07 04:00:00,895.8909397558991,L/s,1786075200000
Clon MarcoB,2026-08-07 10:00:00,893.2333833097663,L/s,1786096800000
Clon MarcoB,2026-08-07 16:00:00,866.7368955530716,L/s,1786118400000
Clon MarcoB,2026-08-07 22:00:00,894.536947980464,L/s,1786140000000
Clon MarcoB,2026-08-08 04:00:00,891.035450782715,L/s,1786161600000
Clon MarcoB,2026-08-08 10:00:00,885.713968360806,L/s,1786183200000
Clon MarcoB,2026-08-08 16:00:00,888.926608747234,L/s,1786204800000
Clon MarcoB,2026-08-08 22:00:00,885.2343816300278,L/s,1786226400000
Clon MarcoB,2026-08-09 04:00:00,892.960802878054,L/s,1786248000000
Clon MarcoB,2026-08-09 10:00:00,892.9974048024268,L/s,1786269600000
Clon MarcoB,2026-08-09 16:00:00,892.5171468560342,L/s,1786291200000
Clon MarcoB,2026-08-09 22:00:00,892.5177265329254,L/s,1786312800000
Clon MarcoB,2026-08-10 04:00:00,887.4246747648048,L/s,1786334400000
Clon MarcoB,2026-08-10 10:00:00,874.7541457843739,L/s,1786356000000
Clon MarcoB,2026-08-10 16:00:00,824.6814664051253,L/s,1786377600000
Clon MarcoB,2026-08-10 22:00:00,812.6970112090996,L/s,1786399200000
Clon MarcoB,2026-08-11 04:00:00,820.1926803274253,L/s,1786420800000
Clon MarcoB,2026-08-11 10:00:00,811.8357194482172,L/s,1786442400000
Clon MarcoB,2026-08-11 16:00:00,814.4293374202961,L/s,1786464000000
Clon MarcoB,2026-08-11 22:00:00,809.1037425305349,L/s,1786485600000
Clon MarcoB,2026-08-12 04:00:00,810.3481399066441,L/s,1786507200000
Clon MarcoB,2026-08-12 10:00:00,805.519670748876,L/s,1786528800000
Clon MarcoB,2026-08-12 16:00:00,805.5600092926542,L/s,1786550400000
Clon MarcoB,2026-08-12 22:00:00,824.5671338331905,L/s,1786572000000
Clon MarcoB,2026-08-13 04:00:00,850.9308582471663,L/s,1786593600000
Clon MarcoB,2026-08-13 10:00:00,836.9733915233782,L/s,1786615200000
Clon MarcoB,2026-08-13 16:00:00,2036.4859725929032,L/s,1786636800000
Clon MarcoB,2026-08-13 22:00:00,2188.462678939499,L/s,1786658400000
Clon MarcoB,2026-08-14 04:00:00,844.1679435454776,L/s,1786680000000
Clon MarcoB,2026-08-14 10:00:00,842.4380788736042,L/s,1786701600000
Clon MarcoB,2026-08-14 16:00:00,2071.1973232653813,L/s,1786723200000
Clon MarcoB,2026-08-14 22:00:00,845.0688885192128,L/s,1786744800000
Clon MarcoB,2026-08-15 04:00:00,848.204030747678,L/s,1786766400000
Clon MarcoB,2026-08-15 10:00:00,1581.3348186150347,L/s,1786788000000
Clon MarcoB,2026-08-15 16:00:00,981.8447254768771,L/s,1786809600000
Clon MarcoB,2026-08-15 22:00:00,847.0915156043276,L/s,1786831200000
Clon MarcoB,2026-08-16 04:00:00,845.0926863515673,L/s,1786852800000
Clon MarcoB,2026-08-16 10:00:00,845.1920579567163,L/s,1786874400000
Clon MarcoB,2026-08-16 16:00:00,849.2012886092188,L/s,1786896000000
Clon MarcoB,2026-08-16 22:00:00,851.8548096876879,L/s,1786917600000
Clon MarcoB,2026-08-17 04:00:00,858.3029542530179,L/s,1786939200000
Clon MarcoB,2026-08-17 10:00:00,842.4960073605752,L/s,1786960800000
Clon MarcoB,2026-08-17 16:00:00,814.5815814599781,L/s,1786982400000
Clon MarcoB,2026-08-17 22:00:00,1003.0996971603257,L/s,1787004000000
Clon MarcoB,2026-08-18 04:00:00,848.5593752734094,L/s,1787025600000
Clon MarcoB,2026-08-18 10:00:00,852.1162636264305,L/s,1787047200000
Clon MarcoB,2026-08-18 16:00:00,809.4316102401392,L/s,1787068800000
Clon MarcoB,2026-08-18 22:00:00,837.8398848096023,L/s,1787090400000
Clon MarcoB,2026-08-19 04:00:00,834.5141095975436,L/s,1787112000000
Clon MarcoB,2026-08-19 10:00:00,841.1401044877177,L/s,1787133600000
Clon MarcoB,2026-08-19 16:00:00,859.1307296963546,L/s,1787155200000
Clon MarcoB,2026-08-19 22:00:00,876.8265798981841,L/s,1787176800000
Clon MarcoB,2026-08-20 04:00:00,901.5607700650435,L/s,1787198400000
Clon MarcoB,2026-08-20 10:00:00,911.7887996954886,L/s,1787220000000
Clon MarcoB,2026-08-20 16:00:00,895.6630626716093,L/s,1787241600000
Clon MarcoB,2026-08-20 22:00:00,884.4277571832571,L/s,1787263200000
MLI15,2026-08-17 16:00:00,13.921480302086405,L/s,1786982400000
MLI15,2026-08-17 22:00:00,0.0,L/s,1787004000000
MLI15,2026-08-18 04:00:00,0.0,L/s,1787025600000
MLI15,2026-08-18 10:00:00,0.0,L/s,1787047200000
MLI15,2026-08-18 16:00:00,0.0,L/s,1787068800000
MLI15,2026-08-18 22:00:00,0.0,L/s,1787090400000
MLI15,2026-08-19 04:00:00,0.0,L/s,1787112000000
MLI15,2026-08-19 10:00:00,0.0,L/s,1787133600000
MLI15,2026-08-19 16:00:00,0.0,L/s,1787155200000
MLI15,2026-08-19 22:00:00,0.0,L/s,1787176800000
MLI15,2026-08-20 04:00:00,0.0,L/s,1787198400000
MLI15,2026-08-20 10:00:00,0.0,L/s,1787220000000
MLI15,2026-08-20 16:00:00,0.0,L/s,1787241600000
MLI15,2026-08-20 22:00:00,0.0,L/s,1787263200000
MLI15,2026-08-21 04:00:00,0.0,L/s,1787284800000
MLI15,2026-08-21 10:00:00,0.0,L/s,1787306400000
MLI15,2026-08-21 16:00:00,0.0,L/s,1787328000000
MLI15,2026-08-21 22:00:00,0.0,L/s,1787349600000
MLI15,2026-08-22 04:00:00,0.0,L/s,1787371200000
MLI15,2026-08-22 10:00:00,0.0,L/s,1787392800000
MLI15,2026-08-22 16:00:00,0.0,L/s,1787414400000
MLI15,2026-08-22 22:00:00,0.0,L/s,1787436000000
MLI15,2026-08-23 04:00:00,0.0,L/s,1787457600000
MLI15,2026-08-23 10:00:00,0.0,L/s,1787479200000
MLI15,2026-08-23 16:00:00,0.0,L/s,1787500800000
MLI15,2026-08-23 22:00:00,0.0,L/s,1787522400000
MLI15,2026-08-24 04:00:00,0.0,L/s,1787544000000
MLI15,2026-08-24 10:00:00,0.0,L/s,1787565600000
MLI15,2026-08-24 16:00:00,0.0,L/s,1787587200000
MLI15,2026-08-24 22:00:00,0.0,L/s,1787608800000
MLI15,2026-08-25 04:00:00,0.0,L/s,1787630400000
MLI15,2026-08-25 10:00:00,0.0,L/s,1787652000000
MLI15,2026-08-25 16:00:00,0.0,L/s,1787673600000
MLI15,2026-08-25 22:00:00,0.0,L/s,1787695200000
MLI15,2026-08-26 04:00:00,0.0,L/s,1787716800000
MLI15,2026-08-26 10:00:00,0.0,L/s,1787738400000
MLI15,2026-08-26 16:00:00,0.0,L/s,1787760000000
MLI15,2026-08-26 22:00:00,0.0,L/s,1787781600000
MLI15,2026-08-27 04:00:00,0.0,L/s,1787803200000
MLI15,2026-08-27 10:00:00,0.0,L/s,1787824800000
MLI15,2026-08-27 16:00:00,0.0,L/s,1787846400000
MLI15,2026-08-27 22:00:00,0.0,L/s,1787868000000
MLI15,2026-08-28 04:00:00,0.0,L/s,1787889600000
MLI15,2026-08-28 10:00:00,0.0,L/s,1787911200000
MLI15,2026-08-28 16:00:00,5.73818090209522,L/s,1787932800000
MLI15,2026-08-28 22:00:00,0.0,L/s,1787954400000
MLI15,2026-08-29 04:00:00,0.0,L/s,1787976000000
MLI15,2026-08-29 10:00:00,0.0,L/s,1787997600000
MLI15,2026-08-29 16:00:00,0.0,L/s,1788019200000
MLI15,2026-08-29 22:00:00,0.0,L/s,1788040800000
MLI15,2026-08-30 04:00:00,0.0,L/s,1788062400000
MLI15,2026-08-30 10:00:00,0.0,L/s,1788084000000
MLI15,2026-08-30 16:00:00,0.0,L/s,1788105600000
MLI15,2026-08-30 22:00:00,0.0,L/s,1788127200000
MLI15,2026-08-31 04:00:00,0.0,L/s,1788148800000
MLI15,2026-08-31 10:00:00,0.0,L/s,1788170400000
MLI15,2026-08-31 16:00:00,0.0,L/s,1788192000000
MLI15,2026-08-31 22:00:00,0.0,L/s,1788213600000
MarcoB,2026-08-17 00:12:58,855.025517145544,L/s,1786925578000
MarcoB,2026-08-17 04:00:00,858.0810502139944,L/s,1786939200000
MarcoB,2026-08-17 10:00:00,842.2414828346855,L/s,1786960800000
MarcoB,2026-08-17 16:00:00,813.9241567821063,L/s,1786982400000
MarcoB,2026-08-17 22:00:00,849.0970105585492,L/s,1787004000000
MarcoB,2026-08-18 04:00:00,848.3359647935542,L/s,1787025600000
MarcoB,2026-08-18 10:00:00,851.2277025528462,L/s,1787047200000
MarcoB,2026-08-18 16:00:00,827.0144682363187,L/s,1787068800000
MarcoB,2026-08-18 22:00:00,832.5525779899078,L/s,1787090400000
MarcoB,2026-08-19 04:00:00,834.0315035997678,L/s,1787112000000
MarcoB,2026-08-19 10:00:00,840.820832294074,L/s,1787133600000
MarcoB,2026-08-19 16:00:00,858.8932451628921,L/s,1787155200000
MarcoB,2026-08-19 22:00:00,876.6495349602832,L/s,1787176800000
MarcoB,2026-08-20 04:00:00,901.3296580986056,L/s,1787198400000
MarcoB,2026-08-20 10:00:00,911.670495771821,L/s,1787220000000
MarcoB,2026-08-20 16:00:00,894.533405462116,L/s,1787241600000
MarcoB,2026-08-20 22:00:00,885.1050902998779,L/s,1787263200000
MarcoB,2026-08-21 04:00:00,898.4500506046262,L/s,1787284800000
MarcoB,2026-08-21 10:00:00,888.6177742274998,L/s,1787306400000
MarcoB,2026-08-21 16:00:00,882.7994912229179,L/s,1787328000000
MarcoB,2026-08-21 22:00:00,876.7109780773643,L/s,1787349600000
MarcoB,2026-08-22 04:00:00,867.6207871822714,L/s,1787371200000
MarcoB,2026-08-22 10:00:00,871.8285214367919,L/s,1787392800000
MarcoB,2026-08-22 16:00:00,872.356726776717,L/s,1787414400000
MarcoB,2026-08-22 22:00:00,864.9214573206305,L/s,1787436000000
MarcoB,2026-08-23 04:00:00,864.3866306431952,L/s,1787457600000
MarcoB,2026-08-23 10:00:00,873.651430622317,L/s,1787479200000
MarcoB,2026-08-23 16:00:00,870.9444260808885,L/s,1787500800000
MarcoB,2026-08-23 22:00:00,880.8377196154053,L/s,1787522400000
MarcoB,2026-08-24 04:00:00,885.1363671618768,L/s,1787544000000
MarcoB,2026-08-24 10:00:00,882.584957962643,L/s,1787565600000
MarcoB,2026-08-24 16:00:00,878.1644556755737,L/s,1787587200000
MarcoB,2026-08-24 22:00:00,879.6316182403922,L/s,1787608800000
MarcoB,2026-08-25 04:00:00,888.0117010455657,L/s,1787630400000
MarcoB,2026-08-25 10:00:00,893.7502294953915,L/s,1787652000000
MarcoB,2026-08-25 16:00:00,877.6913884622563,L/s,1787673600000
MarcoB,2026-08-25 22:00:00,791.2073255698666,L/s,1787695200000
MarcoB,2026-08-26 04:00:00,833.5162733832929,L/s,1787716800000
MarcoB,2026-08-26 10:00:00,1116.6417095535799,L/s,1787738400000
MarcoB,2026-08-26 16:00:00,2206.650469170332,L/s,1787760000000
MarcoB,2026-08-26 22:00:00,1444.7633352465173,L/s,1787781600000
MarcoB,2026-08-27 04:00:00,1348.1185738849003,L/s,1787803200000
MarcoB,2026-08-27 10:00:00,1454.5197083671176,L/s,1787824800000
MarcoB,2026-08-27 16:00:00,1363.893020196744,L/s,1787846400000
MarcoB,2026-08-27 22:00:00,1376.503472162226,L/s,1787868000000
MarcoB,2026-08-28 04:00:00,1409.6451416095101,L/s,1787889600000
MarcoB,2026-08-28 10:00:00,1319.835665187113,L/s,1787911200000
MarcoB,2026-08-28 16:00:00,1372.8343396717214,L/s,1787932800000
MarcoB,2026-08-28 22:00:00,1343.4759546912521,L/s,1787954400000
MarcoB,2026-08-29 04:00:00,1355.7822814302908,L/s,1787976000000
MarcoB,2026-08-29 10:00:00,1358.0349453894694,L/s,1787997600000
MarcoB,2026-08-29 16:00:00,1364.9203791281657,L/s,1788019200000
MarcoB,2026-08-29 22:00:00,1328.7757632635248,L/s,1788040800000
MarcoB,2026-08-30 04:00:00,1324.1980397734199,L/s,1788062400000
MarcoB,2026-08-30 10:00:00,1324.6434529923972,L/s,1788084000000
MarcoB,2026-08-30 16:00:00,1319.5833623960732,L/s,1788105600000
MarcoB,2026-08-30 22:00:00,1322.467924530969,L/s,1788127200000
MarcoB,2026-08-31 04:00:00,1365.7881068455247,L/s,1788148800000
MarcoB,2026-08-31 10:00:00,1324.03760906056,L/s,1788170400000
MarcoB,2026-08-31 16:00:00,1944.8653262789892,L/s,1788192000000
MarcoB,2026-08-31 22:00:00,2604.7904381353155,L/s,1788213600000
MSR 12,2026-08-17 00:12:58,83.97795454545457,L/s,1786925578000
MSR 12,2026-08-17 04:00:00,84.48873239436624,L/s,1786939200000
MSR 12,2026-08-17 10:00:00,96.78070422535212,L/s,1786960800000
MSR 12,2026-08-17 16:00:00,84.05125,L/s,1786982400000
MSR 12,2026-08-17 22:00:00,85.05436619718311,L/s,1787004000000
MSR 12,2026-08-18 04:00:00,82.60611111111112,L/s,1787025600000
MSR 12,2026-08-18 10:00:00,77.79,L/s,1787047200000
MSR 12,2026-08-18 16:00:00,55.37171428571431,L/s,1787068800000
MSR 12,2026-08-18 22:00:00,51.32222222222225,L/s,1787090400000
MSR 12,2026-08-19 04:00:00,51.753661971831,L/s,1787112000000
MSR 12,2026-08-19 10:00:00,49.22972222222226,L/s,1787133600000
MSR 12,2026-08-19 16:00:00,53.3069014084507,L/s,1787155200000
MSR 12,2026-08-19 22:00:00,54.08819444444444,L/s,1787176800000
MSR 12,2026-08-20 04:00:00,58.76056338028169,L/s,1787198400000
MSR 12,2026-08-20 10:00:00,59.57652777777777,L/s,1787220000000
MSR 12,2026-08-20 16:00:00,56.42676056338027,L/s,1787241600000
MSR 12,2026-08-20 22:00:00,55.924583333333295,L/s,1787263200000
MSR 12,2026-08-21 04:00:00,57.41885714285714,L/s,1787284800000
MSR 12,2026-08-21 10:00:00,54.109696969696984,L/s,1787306400000
MSR 12,2026-08-21 16:00:00,57.281285714285715,L/s,1787328000000
MSR 12,2026-08-21 22:00:00,56.86699999999999,L/s,1787349600000
MSR 12,2026-08-22 04:00:00,58.84408450704226,L/s,1787371200000
MSR 12,2026-08-22 10:00:00,57.88614285714287,L/s,1787392800000
MSR 12,2026-08-22 16:00:00,58.73169014084507,L/s,1787414400000
MSR 12,2026-08-22 22:00:00,60.845,L/s,1787436000000
MSR 12,2026-08-23 04:00:00,63.46811594202903,L/s,1787457600000
MSR 12,2026-08-23 10:00:00,64.08871428571429,L/s,1787479200000
MSR 12,2026-08-23 16:00:00,66.12521126760568,L/s,1787500800000
MSR 12,2026-08-23 22:00:00,68.87169014084508,L/s,1787522400000
MSR 12,2026-08-24 04:00:00,70.89450704225351,L/s,1787544000000
MSR 12,2026-08-24 10:00:00,71.51250000000005,L/s,1787565600000
MSR 12,2026-08-24 16:00:00,69.21833333333335,L/s,1787587200000
MSR 12,2026-08-24 22:00:00,75.50633802816904,L/s,1787608800000
MSR 12,2026-08-25 04:00:00,80.8460563380282,L/s,1787630400000
MSR 12,2026-08-25 10:00:00,80.91138888888896,L/s,1787652000000
MSR 12,2026-08-25 16:00:00,67.73236111111116,L/s,1787673600000
MSR 12,2026-08-25 22:00:00,65.44414285714286,L/s,1787695200000
MSR 12,2026-08-26 04:00:00,60.03971014492755,L/s,1787716800000
MSR 12,2026-08-26 10:00:00,86.47086956521741,L/s,1787738400000
MSR 12,2026-08-26 16:00:00,116.40873239436613,L/s,1787760000000
MSR 12,2026-08-26 22:00:00,126.98724637681163,L/s,1787781600000
MSR 12,2026-08-27 04:00:00,170.30285714285708,L/s,1787803200000
MSR 12,2026-08-27 10:00:00,180.34986111111112,L/s,1787824800000
MSR 12,2026-08-27 16:00:00,182.48125,L/s,1787846400000
MSR 12,2026-08-27 22:00:00,166.7797222222223,L/s,1787868000000
MSR 12,2026-08-28 04:00:00,178.73408450704227,L/s,1787889600000
MSR 12,2026-08-28 10:00:00,176.0586111111111,L/s,1787911200000
MSR 12,2026-08-28 16:00:00,173.001971830986,L/s,1787932800000
MSR 12,2026-08-28 22:00:00,173.4069444444445,L/s,1787954400000
MSR 12,2026-08-29 04:00:00,174.3578873239438,L/s,1787976000000
MSR 12,2026-08-29 10:00:00,171.71281690140847,L/s,1787997600000
MSR 12,2026-08-29 16:00:00,176.50140845070428,L/s,1788019200000
MSR 12,2026-08-29 22:00:00,172.43728571428576,L/s,1788040800000
MSR 12,2026-08-30 04:00:00,172.8232394366198,L/s,1788062400000
MSR 12,2026-08-30 10:00:00,165.58901408450706,L/s,1788084000000
MSR 12,2026-08-30 16:00:00,171.8563768115942,L/s,1788105600000
MSR 12,2026-08-30 22:00:00,176.06944444444446,L/s,1788127200000
MSR 12,2026-08-31 04:00:00,184.53685714285717,L/s,1788148800000
MSR 12,2026-08-31 10:00:00,180.21958333333342,L/s,1788170400000
MSR 12,2026-08-31 16:00:00,172.59352112676055,L/s,1788192000000
MSR 12,2026-08-31 22:00:00,181.16600000000003,L/s,1788213600000
Marco La Cuncuna,2026-08-17 00:12:58,5549.674090909089,L/s,1786925578000
Marco La Cuncuna,2026-08-17 04:00:00,4439.943943661974,L/s,1786939200000
Marco La Cuncuna,2026-08-17 10:00:00,4241.846760563381,L/s,1786960800000
Marco La Cuncuna,2026-08-17 16:00:00,6868.136666666666,L/s,1786982400000
Marco La Cuncuna,2026-08-17 22:00:00,7095.55855072464,L/s,1787004000000
Marco La Cuncuna,2026-08-18 04:00:00,6916.612394366198,L/s,1787025600000
Marco La Cuncuna,2026-08-18 10:00:00,6852.372253521127,L/s,1787047200000
Marco La Cuncuna,2026-08-18 16:00:00,8715.146338028168,L/s,1787068800000
Marco La Cuncuna,2026-08-18 22:00:00,4227.045416666669,L/s,1787090400000
Marco La Cuncuna,2026-08-19 04:00:00,6741.674929577469,L/s,1787112000000
Marco La Cuncuna,2026-08-19 10:00:00,3762.735694444445,L/s,1787133600000
Marco La Cuncuna,2026-08-19 16:00:00,9350.316571428568,L/s,1787155200000
Marco La Cuncuna,2026-08-19 22:00:00,7620.710833333334,L/s,1787176800000
Marco La Cuncuna,2026-08-20 04:00:00,6141.867464788731,L/s,1787198400000
Marco La Cuncuna,2026-08-20 10:00:00,3945.0876056338025,L/s,1787220000000
Marco La Cuncuna,2026-08-20 16:00:00,9355.209861111107,L/s,1787241600000
Marco La Cuncuna,2026-08-20 22:00:00,7785.814583333332,L/s,1787263200000
Marco La Cuncuna,2026-08-21 04:00:00,4213.705428571429,L/s,1787284800000
Marco La Cuncuna,2026-08-21 10:00:00,6996.794647887324,L/s,1787306400000
Marco La Cuncuna,2026-08-21 16:00:00,9398.548,L/s,1787328000000
MLI 1,2026-08-17 00:12:58,461.0304444444445,L/s,1786925578000
MLI 1,2026-08-17 04:00:00,464.347605633803,L/s,1786939200000
MLI 1,2026-08-17 10:00:00,445.04573529411783,L/s,1786960800000
MLI 1,2026-08-17 16:00:00,376.5447222222224,L/s,1786982400000
MLI 1,2026-08-17 22:00:00,465.0794366197186,L/s,1787004000000
MLI 1,2026-08-18 04:00:00,461.9683333333335,L/s,1787025600000
MLI 1,2026-08-18 10:00:00,435.91676056338065,L/s,1787047200000
MLI 1,2026-08-18 16:00:00,401.21563380281714,L/s,1787068800000
MLI 1,2026-08-18 22:00:00,453.8223611111112,L/s,1787090400000
MLI 1,2026-08-19 04:00:00,453.80732394366237,L/s,1787112000000
MLI 1,2026-08-19 10:00:00,429.09527777777794,L/s,1787133600000
MLI 1,2026-08-19 16:00:00,417.2036619718312,L/s,1787155200000
MLI 1,2026-08-19 22:00:00,491.7484722222221,L/s,1787176800000
MLI 1,2026-08-20 04:00:00,505.0784507042255,L/s,1787198400000
MLI 1,2026-08-20 10:00:00,476.1143055555555,L/s,1787220000000
MLI 1,2026-08-20 16:00:00,458.533142857143,L/s,1787241600000
MLI 1,2026-08-20 22:00:00,505.2754166666666,L/s,1787263200000
MLI 1,2026-08-21 04:00:00,513.8065217391305,L/s,1787284800000
MLI 1,2026-08-21 10:00:00,494.17275362318867,L/s,1787306400000
MLI 1,2026-08-21 16:00:00,463.30869565217387,L/s,1787328000000
MLI 1,2026-08-21 22:00:00,523.3459999999998,L/s,1787349600000
MLI 1,2026-08-22 04:00:00,518.5339436619719,L/s,1787371200000
MLI 1,2026-08-22 10:00:00,509.10457142857166,L/s,1787392800000
MLI 1,2026-08-22 16:00:00,478.90422535211275,L/s,1787414400000
MLI 1,2026-08-22 22:00:00,529.3616666666666,L/s,1787436000000
MLI 1,2026-08-23 04:00:00,529.5714285714282,L/s,1787457600000
MLI 1,2026-08-23 10:00:00,501.43871428571435,L/s,1787479200000
MLI 1,2026-08-23 16:00:00,482.0345070422536,L/s,1787500800000
MLI 1,2026-08-23 22:00:00,1110.2161971830985,L/s,1787522400000
MLI 1,2026-08-24 04:00:00,543.1007142857143,L/s,1787544000000
MLI 1,2026-08-24 10:00:00,518.2726388888885,L/s,1787565600000
MLI 1,2026-08-24 16:00:00,514.3052777777777,L/s,1787587200000
MLI 1,2026-08-24 22:00:00,604.4716901408451,L/s,1787608800000
MLI 1,2026-08-25 04:00:00,537.467042253521,L/s,1787630400000
MLI 1,2026-08-25 10:00:00,541.817361111111,L/s,1787652000000
MLI 1,2026-08-25 16:00:00,524.7876056338026,L/s,1787673600000
MLI 1,2026-08-25 22:00:00,456.3268571428572,L/s,1787695200000
MLI 1,2026-08-26 04:00:00,485.6323188405798,L/s,1787716800000
MLI 1,2026-08-26 10:00:00,617.6624285714286,L/s,1787738400000
MLI 1,2026-08-26 16:00:00,1007.7352112676053,L/s,1787760000000
MLI 1,2026-08-26 22:00:00,816.9989705882352,L/s,1787781600000
MLI 1,2026-08-27 04:00:00,765.5362318840578,L/s,1787803200000
MLI 1,2026-08-27 10:00:00,818.9905555555555,L/s,1787824800000
MLI 1,2026-08-27 16:00:00,739.5302777777778,L/s,1787846400000
MLI 1,2026-08-27 22:00:00,802.5431944444445,L/s,1787868000000
MLI 1,2026-08-28 04:00:00,827.7631428571432,L/s,1787889600000
MLI 1,2026-08-28 10:00:00,761.2233333333335,L/s,1787911200000
MLI 1,2026-08-28 16:00:00,744.4535211267607,L/s,1787932800000
MLI 1,2026-08-28 22:00:00,799.8337500000001,L/s,1787954400000
MLI 1,2026-08-29 04:00:00,804.7328571428573,L/s,1787976000000
MLI 1,2026-08-29 10:00:00,767.2808695652175,L/s,1787997600000
MLI 1,2026-08-29 16:00:00,743.2828571428571,L/s,1788019200000
MLI 1,2026-08-29 22:00:00,798.2743661971831,L/s,1788040800000
MLI 1,2026-08-30 04:00:00,788.5447887323945,L/s,1788062400000
MLI 1,2026-08-30 10:00:00,746.3411111111109,L/s,1788084000000
MLI 1,2026-08-30 16:00:00,748.1547887323945,L/s,1788105600000
MLI 1,2026-08-30 22:00:00,791.0635211267605,L/s,1788127200000
MLI 1,2026-08-31 04:00:00,821.9292857142858,L/s,1788148800000
MLI 1,2026-08-31 10:00:00,771.9638028169014,L/s,1788170400000
MLI 1,2026-08-31 16:00:00,909.265070422535,L/s,1788192000000
MLI 1,2026-08-31 22:00:00,1180.7532,L/s,1788213600000
Marco C,2026-08-17 00:12:58,315.2355555555557,L/s,1786925578000
Marco C,2026-08-17 04:00:00,314.63521126760577,L/s,1786939200000
Marco C,2026-08-17 10:00:00,306.68352112676064,L/s,1786960800000
Marco C,2026-08-17 16:00:00,264.48305555555567,L/s,1786982400000
Marco C,2026-08-17 22:00:00,310.24394366197185,L/s,1787004000000
Marco C,2026-08-18 04:00:00,315.526111111111,L/s,1787025600000
Marco C,2026-08-18 10:00:00,300.5529577464788,L/s,1787047200000
Marco C,2026-08-18 16:00:00,281.50614285714283,L/s,1787068800000
Marco C,2026-08-18 22:00:00,317.77972222222223,L/s,1787090400000
Marco C,2026-08-19 04:00:00,318.7062318840578,L/s,1787112000000
Marco C,2026-08-19 10:00:00,304.8237499999999,L/s,1787133600000
Marco C,2026-08-19 16:00:00,297.5448571428572,L/s,1787155200000
Marco C,2026-08-19 22:00:00,333.7441666666666,L/s,1787176800000
Marco C,2026-08-20 04:00:00,340.3185915492958,L/s,1787198400000
Marco C,2026-08-20 10:00:00,317.5908333333334,L/s,1787220000000
Marco C,2026-08-20 16:00:00,286.93125,L/s,1787241600000
Marco C,2026-08-20 22:00:00,313.34236111111096,L/s,1787263200000
Marco C,2026-08-21 04:00:00,326.9302857142857,L/s,1787284800000
Marco C,2026-08-21 10:00:00,316.19154929577445,L/s,1787306400000
Marco C,2026-08-21 16:00:00,293.99357142857144,L/s,1787328000000
Marco C,2026-08-21 22:00:00,330.84428571428583,L/s,1787349600000
Marco C,2026-08-22 04:00:00,323.19394366197184,L/s,1787371200000
Marco C,2026-08-22 10:00:00,324.1364285714285,L/s,1787392800000
Marco C,2026-08-22 16:00:00,306.16486111111107,L/s,1787414400000
Marco C,2026-08-22 22:00:00,326.21314285714294,L/s,1787436000000
Marco C,2026-08-23 04:00:00,322.91614285714286,L/s,1787457600000
Marco C,2026-08-23 10:00:00,316.98557142857123,L/s,1787479200000
Marco C,2026-08-23 16:00:00,307.1436619718308,L/s,1787500800000
Marco C,2026-08-23 22:00:00,331.25563380281693,L/s,1787522400000
Marco C,2026-08-24 04:00:00,339.6570422535211,L/s,1787544000000
Marco C,2026-08-24 10:00:00,321.4340277777775,L/s,1787565600000
Marco C,2026-08-24 16:00:00,300.4631944444444,L/s,1787587200000
Marco C,2026-08-24 22:00:00,317.3808450704225,L/s,1787608800000
Marco C,2026-08-25 04:00:00,318.457323943662,L/s,1787630400000
Marco C,2026-08-25 10:00:00,322.99374999999986,L/s,1787652000000
Marco C,2026-08-25 16:00:00,319.86277777777764,L/s,1787673600000
Marco C,2026-08-25 22:00:00,290.56085714285706,L/s,1787695200000
Marco C,2026-08-26 04:00:00,295.1485714285715,L/s,1787716800000
Marco C,2026-08-26 10:00:00,377.81681159420293,L/s,1787738400000
Marco C,2026-08-26 16:00:00,870.0953521126764,L/s,1787760000000
Marco C,2026-08-26 22:00:00,650.1926086956522,L/s,1787781600000
Marco C,2026-08-27 04:00:00,609.9990000000001,L/s,1787803200000
Marco C,2026-08-27 10:00:00,644.0140845070424,L/s,1787824800000
Marco C,2026-08-27 16:00:00,594.7519718309857,L/s,1787846400000
Marco C,2026-08-27 22:00:00,618.9846478873242,L/s,1787868000000
Marco C,2026-08-28 04:00:00,625.8361971830985,L/s,1787889600000
Marco C,2026-08-28 10:00:00,595.1556338028169,L/s,1787911200000
Marco C,2026-08-28 16:00:00,582.4491428571426,L/s,1787932800000
Marco C,2026-08-28 22:00:00,604.261111111111,L/s,1787954400000
Marco C,2026-08-29 04:00:00,610.9807042253522,L/s,1787976000000
Marco C,2026-08-29 10:00:00,594.440704225352,L/s,1787997600000
Marco C,2026-08-29 16:00:00,572.0919718309859,L/s,1788019200000
Marco C,2026-08-29 22:00:00,596.8758571428574,L/s,1788040800000
Marco C,2026-08-30 04:00:00,590.713661971831,L/s,1788062400000
Marco C,2026-08-30 10:00:00,572.1451388888888,L/s,1788084000000
Marco C,2026-08-30 16:00:00,566.8832394366194,L/s,1788105600000
Marco C,2026-08-30 22:00:00,602.1890140845069,L/s,1788127200000
Marco C,2026-08-31 04:00:00,615.7955714285716,L/s,1788148800000
Marco C,2026-08-31 10:00:00,589.4043283582089,L/s,1788170400000
Marco C,2026-08-31 16:00:00,737.184,L/s,1788192000000
Marco C,2026-08-31 22:00:00,1031.5153846153846,L/s,1788213600000
MEL 1,2026-08-17 00:12:58,15.57227272727273,L/s,1786925578000
MEL 1,2026-08-17 04:00:00,15.641126760563386,L/s,1786939200000
MEL 1,2026-08-17 10:00:00,15.158591549295782,L/s,1786960800000
MEL 1,2026-08-17 16:00:00,12.61125,L/s,1786982400000
MEL 1,2026-08-17 22:00:00,15.247428571428577,L/s,1787004000000
MEL 1,2026-08-18 04:00:00,15.547499999999994,L/s,1787025600000
MEL 1,2026-08-18 10:00:00,15.558169014084509,L/s,1787047200000
MEL 1,2026-08-18 16:00:00,14.138591549295775,L/s,1787068800000
MEL 1,2026-08-18 22:00:00,15.704583333333327,L/s,1787090400000
MEL 1,2026-08-19 04:00:00,16.126338028169016,L/s,1787112000000
MEL 1,2026-08-19 10:00:00,16.029718309859156,L/s,1787133600000
MEL 1,2026-08-19 16:00:00,15.449857142857143,L/s,1787155200000
MEL 1,2026-08-19 22:00:00,17.63611111111111,L/s,1787176800000
MEL 1,2026-08-20 04:00:00,18.585352112676066,L/s,1787198400000
MEL 1,2026-08-20 10:00:00,18.886056338028165,L/s,1787220000000
MEL 1,2026-08-20 16:00:00,16.35055555555556,L/s,1787241600000
MEL 1,2026-08-20 22:00:00,17.374366197183097,L/s,1787263200000
MEL 1,2026-08-21 04:00:00,18.204202898550736,L/s,1787284800000
MEL 1,2026-08-21 10:00:00,18.03173913043478,L/s,1787306400000
MEL 1,2026-08-21 16:00:00,16.19328571428571,L/s,1787328000000
MEL 1,2026-08-21 22:00:00,17.994571428571433,L/s,1787349600000
MEL 1,2026-08-22 04:00:00,17.536197183098594,L/s,1787371200000
MEL 1,2026-08-22 10:00:00,17.48714285714287,L/s,1787392800000
MEL 1,2026-08-22 16:00:00,16.160972222222217,L/s,1787414400000
MEL 1,2026-08-22 22:00:00,17.382083333333338,L/s,1787436000000
MEL 1,2026-08-23 04:00:00,17.540285714285712,L/s,1787457600000
MEL 1,2026-08-23 10:00:00,17.606142857142864,L/s,1787479200000
MEL 1,2026-08-23 16:00:00,15.97521126760563,L/s,1787500800000
MEL 1,2026-08-23 22:00:00,18.007042253521128,L/s,1787522400000
MEL 1,2026-08-24 04:00:00,18.416000000000004,L/s,1787544000000
MEL 1,2026-08-24 10:00:00,17.388028169014085,L/s,1787565600000
MEL 1,2026-08-24 16:00:00,16.3794366197183,L/s,1787587200000
MEL 1,2026-08-24 22:00:00,17.66323943661972,L/s,1787608800000
MEL 1,2026-08-25 04:00:00,17.95774647887325,L/s,1787630400000
MEL 1,2026-08-25 10:00:00,18.176944444444437,L/s,1787652000000
MEL 1,2026-08-25 16:00:00,17.418194444444467,L/s,1787673600000
MEL 1,2026-08-25 22:00:00,13.871739130434781,L/s,1787695200000
MEL 1,2026-08-26 04:00:00,14.364714285714294,L/s,1787716800000
MEL 1,2026-08-26 10:00:00,22.17014285714286,L/s,1787738400000
MEL 1,2026-08-26 16:00:00,63.914285714285704,L/s,1787760000000
MEL 1,2026-08-26 22:00:00,39.59414285714286,L/s,1787781600000
MEL 1,2026-08-27 04:00:00,36.6267142857143,L/s,1787803200000
MEL 1,2026-08-27 10:00:00,39.598472222222235,L/s,1787824800000
MEL 1,2026-08-27 16:00:00,35.516944444444476,L/s,1787846400000
MEL 1,2026-08-27 22:00:00,38.23042857142858,L/s,1787868000000
MEL 1,2026-08-28 04:00:00,39.70797101449276,L/s,1787889600000
MEL 1,2026-08-28 10:00:00,36.64305555555556,L/s,1787911200000
MEL 1,2026-08-28 16:00:00,34.20676056338029,L/s,1787932800000
MEL 1,2026-08-28 22:00:00,36.04958333333333,L/s,1787954400000
MEL 1,2026-08-29 04:00:00,36.79757142857144,L/s,1787976000000
MEL 1,2026-08-29 10:00:00,36.11714285714287,L/s,1787997600000
MEL 1,2026-08-29 16:00:00,34.251857142857155,L/s,1788019200000
MEL 1,2026-08-29 22:00:00,35.34492957746481,L/s,1788040800000
MEL 1,2026-08-30 04:00:00,35.06830985915496,L/s,1788062400000
MEL 1,2026-08-30 10:00:00,34.72152777777779,L/s,1788084000000
MEL 1,2026-08-30 16:00:00,32.965352112676065,L/s,1788105600000
MEL 1,2026-08-30 22:00:00,35.57902777777778,L/s,1788127200000
MEL 1,2026-08-31 04:00:00,36.9857142857143,L/s,1788148800000
MEL 1,2026-08-31 10:00:00,34.73521126760565,L/s,1788170400000
MEL 1,2026-08-31 16:00:00,52.11225352112676,L/s,1788192000000
MEL 1,2026-08-31 22:00:00,79.96846153846151,L/s,1788213600000
MEL 4,2026-08-17 00:12:58,290.8611111111112,L/s,1786925578000
MEL 4,2026-08-17 04:00:00,295.9847142857142,L/s,1786939200000
MEL 4,2026-08-17 10:00:00,298.42028169014105,L/s,1786960800000
MEL 4,2026-08-17 16:00:00,269.0320833333334,L/s,1786982400000
MEL 4,2026-08-17 22:00:00,293.0467605633802,L/s,1787004000000
MEL 4,2026-08-18 04:00:00,291.3508333333333,L/s,1787025600000
MEL 4,2026-08-18 10:00:00,290.8418309859156,L/s,1787047200000
MEL 4,2026-08-18 16:00:00,287.92391304347825,L/s,1787068800000
MEL 4,2026-08-18 22:00:00,299.95472222222224,L/s,1787090400000
MEL 4,2026-08-19 04:00:00,303.9774647887324,L/s,1787112000000
MEL 4,2026-08-19 10:00:00,310.178611111111,L/s,1787133600000
MEL 4,2026-08-19 16:00:00,336.4608450704226,L/s,1787155200000
MEL 4,2026-08-19 22:00:00,342.20111111111123,L/s,1787176800000
MEL 4,2026-08-20 04:00:00,327.6301408450705,L/s,1787198400000
MEL 4,2026-08-20 10:00:00,299.8949295774647,L/s,1787220000000
MEL 4,2026-08-20 16:00:00,243.4411111111111,L/s,1787241600000
MEL 4,2026-08-20 22:00:00,251.6804166666667,L/s,1787263200000
MEL 4,2026-08-21 04:00:00,255.47799999999998,L/s,1787284800000
MEL 4,2026-08-21 10:00:00,252.86507042253513,L/s,1787306400000
MEL 4,2026-08-21 16:00:00,246.37571428571417,L/s,1787328000000
MEL 4,2026-08-21 22:00:00,258.8787142857143,L/s,1787349600000
MEL 4,2026-08-22 04:00:00,257.42885714285705,L/s,1787371200000
MEL 4,2026-08-22 10:00:00,261.24471428571434,L/s,1787392800000
MEL 4,2026-08-22 16:00:00,263.7932394366197,L/s,1787414400000
MEL 4,2026-08-22 22:00:00,273.8622222222222,L/s,1787436000000
MEL 4,2026-08-23 04:00:00,271.68871428571424,L/s,1787457600000
MEL 4,2026-08-23 10:00:00,269.0694202898551,L/s,1787479200000
MEL 4,2026-08-23 16:00:00,267.96253521126766,L/s,1787500800000
MEL 4,2026-08-23 22:00:00,279.9815492957747,L/s,1787522400000
MEL 4,2026-08-24 04:00:00,281.6052112676056,L/s,1787544000000
MEL 4,2026-08-24 10:00:00,272.81791666666663,L/s,1787565600000
MEL 4,2026-08-24 16:00:00,245.5691666666666,L/s,1787587200000
MEL 4,2026-08-24 22:00:00,257.0578873239438,L/s,1787608800000
MEL 4,2026-08-25 04:00:00,266.12042253521133,L/s,1787630400000
MEL 4,2026-08-25 10:00:00,280.42986111111105,L/s,1787652000000
MEL 4,2026-08-25 16:00:00,276.4551388888889,L/s,1787673600000
MEL 4,2026-08-25 22:00:00,240.3754285714284,L/s,1787695200000
MEL 4,2026-08-26 04:00:00,246.4449999999999,L/s,1787716800000
MEL 4,2026-08-26 10:00:00,315.2272857142857,L/s,1787738400000
MEL 4,2026-08-26 16:00:00,711.9098571428569,L/s,1787760000000
MEL 4,2026-08-26 22:00:00,549.5989999999998,L/s,1787781600000
MEL 4,2026-08-27 04:00:00,495.46971428571425,L/s,1787803200000
MEL 4,2026-08-27 10:00:00,518.6868055555556,L/s,1787824800000
MEL 4,2026-08-27 16:00:00,526.5841666666663,L/s,1787846400000
MEL 4,2026-08-27 22:00:00,517.5224999999997,L/s,1787868000000
MEL 4,2026-08-28 04:00:00,532.7897183098594,L/s,1787889600000
MEL 4,2026-08-28 10:00:00,505.03736111111124,L/s,1787911200000
MEL 4,2026-08-28 16:00:00,509.1094285714284,L/s,1787932800000
MEL 4,2026-08-28 22:00:00,511.21180555555554,L/s,1787954400000
MEL 4,2026-08-29 04:00:00,512.3904285714282,L/s,1787976000000
MEL 4,2026-08-29 10:00:00,506.611690140845,L/s,1787997600000
MEL 4,2026-08-29 16:00:00,506.0114285714285,L/s,1788019200000
MEL 4,2026-08-29 22:00:00,502.98704225352094,L/s,1788040800000
MEL 4,2026-08-30 04:00:00,498.27718309859165,L/s,1788062400000
MEL 4,2026-08-30 10:00:00,488.48374999999993,L/s,1788084000000
MEL 4,2026-08-30 16:00:00,487.7929577464787,L/s,1788105600000
MEL 4,2026-08-30 22:00:00,509.43124999999986,L/s,1788127200000
MEL 4,2026-08-31 04:00:00,524.8287142857143,L/s,1788148800000
MEL 4,2026-08-31 10:00:00,502.0424285714285,L/s,1788170400000
MEL 4,2026-08-31 16:00:00,515.2656338028168,L/s,1788192000000
MEL 4,2026-08-31 22:00:00,574.6784,L/s,1788213600000
MEL 6,2026-08-17 00:12:58,114.24681818181813,L/s,1786925578000
MEL 6,2026-08-17 04:00:00,115.93347826086956,L/s,1786939200000
MEL 6,2026-08-17 10:00:00,119.69114285714285,L/s,1786960800000
MEL 6,2026-08-17 16:00:00,105.65680555555555,L/s,1786982400000
MEL 6,2026-08-17 22:00:00,111.46338028169014,L/s,1787004000000
MEL 6,2026-08-18 04:00:00,112.6755555555555,L/s,1787025600000
MEL 6,2026-08-18 10:00:00,114.78183098591545,L/s,1787047200000
MEL 6,2026-08-18 16:00:00,117.1057746478873,L/s,1787068800000
MEL 6,2026-08-18 22:00:00,124.07722222222216,L/s,1787090400000
MEL 6,2026-08-19 04:00:00,122.4459154929578,L/s,1787112000000
MEL 6,2026-08-19 10:00:00,115.20791666666653,L/s,1787133600000
MEL 6,2026-08-19 16:00:00,107.03859154929573,L/s,1787155200000
MEL 6,2026-08-19 22:00:00,109.10833333333328,L/s,1787176800000
MEL 6,2026-08-20 04:00:00,116.30746478873245,L/s,1787198400000
MEL 6,2026-08-20 10:00:00,122.85999999999997,L/s,1787220000000
MEL 6,2026-08-20 16:00:00,124.9478873239437,L/s,1787241600000
MEL 6,2026-08-20 22:00:00,151.88847222222228,L/s,1787263200000
MEL 6,2026-08-21 04:00:00,156.37927536231877,L/s,1787284800000
MEL 6,2026-08-21 10:00:00,157.97338028169025,L/s,1787306400000
MEL 6,2026-08-21 16:00:00,158.9989855072464,L/s,1787328000000
MEL 6,2026-08-21 22:00:00,158.0901428571428,L/s,1787349600000
MEL 6,2026-08-22 04:00:00,158.40816901408442,L/s,1787371200000
MEL 6,2026-08-22 10:00:00,151.3678571428572,L/s,1787392800000
MEL 6,2026-08-22 16:00:00,139.04597222222225,L/s,1787414400000
MEL 6,2026-08-22 22:00:00,140.71500000000006,L/s,1787436000000
MEL 6,2026-08-23 04:00:00,142.94899999999998,L/s,1787457600000
MEL 6,2026-08-23 10:00:00,144.85371428571426,L/s,1787479200000
MEL 6,2026-08-23 16:00:00,145.36633802816903,L/s,1787500800000
MEL 6,2026-08-23 22:00:00,147.69114285714286,L/s,1787522400000
MEL 6,2026-08-24 04:00:00,149.80253521126744,L/s,1787544000000
MEL 6,2026-08-24 10:00:00,150.77722222222224,L/s,1787565600000
MEL 6,2026-08-24 16:00:00,138.0495833333334,L/s,1787587200000
MEL 6,2026-08-24 22:00:00,140.38757142857153,L/s,1787608800000
MEL 6,2026-08-25 04:00:00,141.7804225352113,L/s,1787630400000
MEL 6,2026-08-25 10:00:00,146.88915492957747,L/s,1787652000000
MEL 6,2026-08-25 16:00:00,142.31805555555545,L/s,1787673600000
MEL 6,2026-08-25 22:00:00,125.99757142857145,L/s,1787695200000
MEL 6,2026-08-26 04:00:00,119.57928571428576,L/s,1787716800000
MEL 6,2026-08-26 10:00:00,151.89499999999992,L/s,1787738400000
MEL 6,2026-08-26 16:00:00,299.77942857142864,L/s,1787760000000
MEL 6,2026-08-26 22:00:00,267.2403389830508,L/s,1787781600000
MEL 6,2026-08-27 04:00:00,234.43571428571434,L/s,1787803200000
MEL 6,2026-08-27 10:00:00,247.06194444444452,L/s,1787824800000
MEL 6,2026-08-27 16:00:00,255.798,L/s,1787846400000
MEL 6,2026-08-27 22:00:00,239.7900000000001,L/s,1787868000000
MEL 6,2026-08-28 04:00:00,246.38183098591566,L/s,1787889600000
MEL 6,2026-08-28 10:00:00,238.2221126760563,L/s,1787911200000
MEL 6,2026-08-28 16:00:00,237.7191549295776,L/s,1787932800000
MEL 6,2026-08-28 22:00:00,235.37249999999995,L/s,1787954400000
MEL 6,2026-08-29 04:00:00,233.32685714285716,L/s,1787976000000
MEL 6,2026-08-29 10:00:00,230.5720289855073,L/s,1787997600000
MEL 6,2026-08-29 16:00:00,229.8732352941177,L/s,1788019200000
MEL 6,2026-08-29 22:00:00,227.24873239436624,L/s,1788040800000
MEL 6,2026-08-30 04:00:00,226.31014084507055,L/s,1788062400000
MEL 6,2026-08-30 10:00:00,225.08957746478882,L/s,1788084000000
MEL 6,2026-08-30 16:00:00,225.71600000000007,L/s,1788105600000
MEL 6,2026-08-30 22:00:00,234.9573611111111,L/s,1788127200000
MEL 6,2026-08-31 04:00:00,240.59210526315806,L/s,1788148800000
MEL 6,2026-08-31 10:00:00,241.21260869565225,L/s,1788170400000
MEL 6,2026-08-31 16:00:00,273.5861428571428,L/s,1788192000000
MEL 6,2026-08-31 22:00:00,348.468,L/s,1788213600000
MSR 19,2026-08-17 00:12:58,222.56249999999997,L/s,1786925578000
MSR 19,2026-08-17 04:00:00,221.70676056338033,L/s,1786939200000
MSR 19,2026-08-17 10:00:00,229.394366197183,L/s,1786960800000
MSR 19,2026-08-17 16:00:00,225.89805555555552,L/s,1786982400000
MSR 19,2026-08-17 22:00:00,223.4440845070423,L/s,1787004000000
MSR 19,2026-08-18 04:00:00,224.43027777777775,L/s,1787025600000
MSR 19,2026-08-18 10:00:00,255.3109859154929,L/s,1787047200000
MSR 19,2026-08-18 16:00:00,338.548309859155,L/s,1787068800000
MSR 19,2026-08-18 22:00:00,344.86736111111117,L/s,1787090400000
MSR 19,2026-08-19 04:00:00,348.6608450704225,L/s,1787112000000
MSR 19,2026-08-19 10:00:00,365.76597222222216,L/s,1787133600000
MSR 19,2026-08-19 16:00:00,408.14197183098577,L/s,1787155200000
MSR 19,2026-08-19 22:00:00,419.3991666666669,L/s,1787176800000
MSR 19,2026-08-20 04:00:00,428.98084507042245,L/s,1787198400000
MSR 19,2026-08-20 10:00:00,425.68333333333317,L/s,1787220000000
MSR 19,2026-08-20 16:00:00,418.2634722222221,L/s,1787241600000
MSR 19,2026-08-20 22:00:00,599.6444444444446,L/s,1787263200000
MSR 19,2026-08-21 04:00:00,614.738857142857,L/s,1787284800000
MSR 19,2026-08-21 10:00:00,721.6838,L/s,1787306400000
MSR 19,2026-08-21 16:00:00,795.1132857142858,L/s,1787328000000
MSR 19,2026-08-21 22:00:00,477.02571428571446,L/s,1787349600000
MSR 19,2026-08-22 04:00:00,490.700985915493,L/s,1787371200000
MSR 19,2026-08-22 10:00:00,484.99385714285756,L/s,1787392800000
MSR 19,2026-08-22 16:00:00,473.49472222222226,L/s,1787414400000
MSR 19,2026-08-22 22:00:00,494.22625,L/s,1787436000000
MSR 19,2026-08-23 04:00:00,504.43042857142854,L/s,1787457600000
MSR 19,2026-08-23 10:00:00,500.8108571428572,L/s,1787479200000
MSR 19,2026-08-23 16:00:00,486.9718309859156,L/s,1787500800000
MSR 19,2026-08-23 22:00:00,490.7514084507044,L/s,1787522400000
MSR 19,2026-08-24 04:00:00,478.11746478873266,L/s,1787544000000
MSR 19,2026-08-24 10:00:00,490.55509433962266,L/s,1787565600000
MSR 19,2026-08-24 16:00:00,693.4325714285715,L/s,1787587200000
MSR 19,2026-08-24 22:00:00,357.1945098039214,L/s,1787608800000
MSR 19,2026-08-25 04:00:00,389.15225352112674,L/s,1787630400000
MSR 19,2026-08-25 10:00:00,405.1045312499997,L/s,1787652000000
MSR 19,2026-08-25 16:00:00,417.75805555555553,L/s,1787673600000
MSR 19,2026-08-25 22:00:00,213.66899999999978,L/s,1787695200000
MSR 19,2026-08-26 04:00:00,127.4331428571428,L/s,1787716800000
MSR 19,2026-08-26 10:00:00,125.19971428571421,L/s,1787738400000
MSR 19,2026-08-26 16:00:00,120.85577464788727,L/s,1787760000000
MSR 19,2026-08-26 22:00:00,126.76457142857139,L/s,1787781600000
MSR 19,2026-08-27 04:00:00,124.16385714285718,L/s,1787803200000
MSR 19,2026-08-27 10:00:00,117.72888888888889,L/s,1787824800000
MSR 19,2026-08-27 16:00:00,106.65444444444444,L/s,1787846400000
MSR 19,2026-08-27 22:00:00,115.1154166666666,L/s,1787868000000
MSR 19,2026-08-28 04:00:00,113.09295774647886,L/s,1787889600000
MSR 19,2026-08-28 10:00:00,152.22,L/s,1787911200000
MSR 19,2026-08-28 16:00:00,306.33,L/s,1787932800000
MSR 19,2026-08-28 22:00:00,293.20888888888885,L/s,1787954400000
MSR 19,2026-08-29 04:00:00,293.59169014084506,L/s,1787976000000
MSR 19,2026-08-29 10:00:00,290.6069014084506,L/s,1787997600000
MSR 19,2026-08-29 16:00:00,280.4497183098591,L/s,1788019200000
MSR 19,2026-08-29 22:00:00,280.47774647887326,L/s,1788040800000
MSR 19,2026-08-30 04:00:00,283.46281690140836,L/s,1788062400000
MSR 19,2026-08-30 10:00:00,281.3855555555556,L/s,1788084000000
MSR 19,2026-08-30 16:00:00,274.27436619718316,L/s,1788105600000
MSR 19,2026-08-30 22:00:00,278.809861111111,L/s,1788127200000
MSR 19,2026-08-31 04:00:00,301.0224285714286,L/s,1788148800000
MSR 19,2026-08-31 10:00:00,298.6723943661972,L/s,1788170400000
MSR 19,2026-08-31 16:00:00,280.2800000000001,L/s,1788192000000
MSR 19,2026-08-31 22:00:00,282.0148,L/s,1788213600000
MSR 17,2026-08-17 00:12:58,163.3584444444444,L/s,1786925578000
MSR 17,2026-08-17 04:00:00,160.94943661971823,L/s,1786939200000
MSR 17,2026-08-17 10:00:00,164.78414285714297,L/s,1786960800000
MSR 17,2026-08-17 16:00:00,161.75583333333327,L/s,1786982400000
MSR 17,2026-08-17 22:00:00,156.63380281690127,L/s,1787004000000
MSR 17,2026-08-18 04:00:00,156.5527777777778,L/s,1787025600000
MSR 17,2026-08-18 10:00:00,209.6914084507042,L/s,1787047200000
MSR 17,2026-08-18 16:00:00,250.88591549295757,L/s,1787068800000
MSR 17,2026-08-18 22:00:00,251.4506944444444,L/s,1787090400000
MSR 17,2026-08-19 04:00:00,249.98070422535199,L/s,1787112000000
MSR 17,2026-08-19 10:00:00,283.9314084507043,L/s,1787133600000
MSR 17,2026-08-19 16:00:00,308.973661971831,L/s,1787155200000
MSR 17,2026-08-19 22:00:00,310.82000000000016,L/s,1787176800000
MSR 17,2026-08-20 04:00:00,311.6605714285716,L/s,1787198400000
MSR 17,2026-08-20 10:00:00,298.8870833333333,L/s,1787220000000
MSR 17,2026-08-20 16:00:00,294.02333333333326,L/s,1787241600000
MSR 17,2026-08-20 22:00:00,301.4965714285714,L/s,1787263200000
MSR 17,2026-08-21 04:00:00,303.77600000000007,L/s,1787284800000
MSR 17,2026-08-21 10:00:00,380.7919999999999,L/s,1787306400000
MSR 17,2026-08-21 16:00:00,399.9562857142857,L/s,1787328000000
MSR 17,2026-08-21 22:00:00,421.7777142857147,L/s,1787349600000
MSR 17,2026-08-22 04:00:00,421.930563380282,L/s,1787371200000
MSR 17,2026-08-22 10:00:00,410.45130434782584,L/s,1787392800000
MSR 17,2026-08-22 16:00:00,415.6863888888888,L/s,1787414400000
MSR 17,2026-08-22 22:00:00,436.9899999999999,L/s,1787436000000
MSR 17,2026-08-23 04:00:00,441.7662318840581,L/s,1787457600000
MSR 17,2026-08-23 10:00:00,426.2544285714286,L/s,1787479200000
MSR 17,2026-08-23 16:00:00,418.83828571428603,L/s,1787500800000
MSR 17,2026-08-23 22:00:00,455.44859154929577,L/s,1787522400000
MSR 17,2026-08-24 04:00:00,457.12323943661977,L/s,1787544000000
MSR 17,2026-08-24 10:00:00,443.44624999999974,L/s,1787565600000
MSR 17,2026-08-24 16:00:00,427.7907042253519,L/s,1787587200000
MSR 17,2026-08-24 22:00:00,425.617042253521,L/s,1787608800000
MSR 17,2026-08-25 04:00:00,424.43281690140856,L/s,1787630400000
MSR 17,2026-08-25 10:00:00,441.45430555555555,L/s,1787652000000
MSR 17,2026-08-25 16:00:00,489.3645833333329,L/s,1787673600000
MSR 17,2026-08-25 22:00:00,98.33028985507259,L/s,1787695200000
MSR 17,2026-08-26 04:00:00,96.2482857142857,L/s,1787716800000
MSR 17,2026-08-26 10:00:00,93.45542857142864,L/s,1787738400000
MSR 17,2026-08-26 16:00:00,93.38802816901409,L/s,1787760000000
MSR 17,2026-08-26 22:00:00,93.97671428571437,L/s,1787781600000
MSR 17,2026-08-27 04:00:00,90.9927536231885,L/s,1787803200000
MSR 17,2026-08-27 10:00:00,89.8051388888889,L/s,1787824800000
MSR 17,2026-08-27 16:00:00,87.78583333333343,L/s,1787846400000
MSR 17,2026-08-27 22:00:00,87.8500000000001,L/s,1787868000000
MSR 17,2026-08-28 04:00:00,86.8753521126761,L/s,1787889600000
MSR 17,2026-08-28 10:00:00,207.68305555555554,L/s,1787911200000
MSR 17,2026-08-28 16:00:00,246.5355714285714,L/s,1787932800000
MSR 17,2026-08-28 22:00:00,243.2613888888889,L/s,1787954400000
MSR 17,2026-08-29 04:00:00,241.42690140845042,L/s,1787976000000
MSR 17,2026-08-29 10:00:00,233.85464788732375,L/s,1787997600000
MSR 17,2026-08-29 16:00:00,230.5722535211266,L/s,1788019200000
MSR 17,2026-08-29 22:00:00,227.98366197183077,L/s,1788040800000
MSR 17,2026-08-30 04:00:00,228.95154929577436,L/s,1788062400000
MSR 17,2026-08-30 10:00:00,220.63916666666663,L/s,1788084000000
MSR 17,2026-08-30 16:00:00,219.60267605633803,L/s,1788105600000
MSR 17,2026-08-30 22:00:00,225.32833333333326,L/s,1788127200000
MSR 17,2026-08-31 04:00:00,240.31362318840584,L/s,1788148800000
MSR 17,2026-08-31 10:00:00,238.80833333333345,L/s,1788170400000
MSR 17,2026-08-31 16:00:00,225.62281690140807,L/s,1788192000000
MSR 17,2026-08-31 22:00:00,225.04280000000003,L/s,1788213600000
MSR 16,2026-08-17 00:12:58,340.4731818181818,L/s,1786925578000
MSR 16,2026-08-17 04:00:00,341.1523943661974,L/s,1786939200000
MSR 16,2026-08-17 10:00:00,381.1627777777778,L/s,1786960800000
MSR 16,2026-08-17 16:00:00,318.12069444444427,L/s,1786982400000
MSR 16,2026-08-17 22:00:00,333.266857142857,L/s,1787004000000
MSR 16,2026-08-18 04:00:00,337.32222222222236,L/s,1787025600000
MSR 16,2026-08-18 10:00:00,242.4491549295775,L/s,1787047200000
MSR 16,2026-08-18 16:00:00,104.86126760563373,L/s,1787068800000
MSR 16,2026-08-18 22:00:00,113.9836111111111,L/s,1787090400000
MSR 16,2026-08-19 04:00:00,114.166338028169,L/s,1787112000000
MSR 16,2026-08-19 10:00:00,113.36999999999996,L/s,1787133600000
MSR 16,2026-08-19 16:00:00,102.57478873239428,L/s,1787155200000
MSR 16,2026-08-19 22:00:00,119.25555555555563,L/s,1787176800000
MSR 16,2026-08-20 04:00:00,127.22700000000005,L/s,1787198400000
MSR 16,2026-08-20 10:00:00,132.00333333333333,L/s,1787220000000
MSR 16,2026-08-20 16:00:00,115.06069444444445,L/s,1787241600000
MSR 16,2026-08-20 22:00:00,126.4336619718311,L/s,1787263200000
MSR 16,2026-08-21 04:00:00,132.81333333333333,L/s,1787284800000
MSR 16,2026-08-21 10:00:00,132.23270270270268,L/s,1787306400000
MSR 16,2026-08-21 16:00:00,119.76192307692313,L/s,1787328000000
MSR 16,2026-08-21 22:00:00,135.17695652173916,L/s,1787349600000
MSR 16,2026-08-22 04:00:00,138.85802816901403,L/s,1787371200000
MSR 16,2026-08-22 10:00:00,136.2281159420289,L/s,1787392800000
MSR 16,2026-08-22 16:00:00,126.71704225352117,L/s,1787414400000
MSR 16,2026-08-22 22:00:00,142.1260563380282,L/s,1787436000000
MSR 16,2026-08-23 04:00:00,144.58927536231883,L/s,1787457600000
MSR 16,2026-08-23 10:00:00,144.3605714285715,L/s,1787479200000
MSR 16,2026-08-23 16:00:00,135.44422535211265,L/s,1787500800000
MSR 16,2026-08-23 22:00:00,149.01619718309868,L/s,1787522400000
MSR 16,2026-08-24 04:00:00,154.89742857142858,L/s,1787544000000
MSR 16,2026-08-24 10:00:00,155.51083333333327,L/s,1787565600000
MSR 16,2026-08-24 16:00:00,145.98597222222213,L/s,1787587200000
MSR 16,2026-08-24 22:00:00,163.97535211267615,L/s,1787608800000
MSR 16,2026-08-25 04:00:00,197.06985507246375,L/s,1787630400000
MSR 16,2026-08-25 10:00:00,196.69771428571423,L/s,1787652000000
MSR 16,2026-08-25 16:00:00,136.88319444444448,L/s,1787673600000
MSR 16,2026-08-25 22:00:00,133.86714285714277,L/s,1787695200000
MSR 16,2026-08-26 04:00:00,121.65585714285717,L/s,1787716800000
MSR 16,2026-08-26 10:00:00,152.39362318840577,L/s,1787738400000
MSR 16,2026-08-26 16:00:00,240.13070422535216,L/s,1787760000000
MSR 16,2026-08-26 22:00:00,326.45900000000006,L/s,1787781600000
MSR 16,2026-08-27 04:00:00,548.8044285714287,L/s,1787803200000
MSR 16,2026-08-27 10:00:00,458.08521126760525,L/s,1787824800000
MSR 16,2026-08-27 16:00:00,307.1211267605634,L/s,1787846400000
MSR 16,2026-08-27 22:00:00,304.4284722222221,L/s,1787868000000
MSR 16,2026-08-28 04:00:00,316.72901408450684,L/s,1787889600000
MSR 16,2026-08-28 10:00:00,322.1106944444442,L/s,1787911200000
MSR 16,2026-08-28 16:00:00,298.7485915492957,L/s,1787932800000
MSR 16,2026-08-28 22:00:00,316.9122222222219,L/s,1787954400000
MSR 16,2026-08-29 04:00:00,315.96943661971807,L/s,1787976000000
MSR 16,2026-08-29 10:00:00,310.647746478873,L/s,1787997600000
MSR 16,2026-08-29 16:00:00,296.23056338028175,L/s,1788019200000
MSR 16,2026-08-29 22:00:00,313.1025352112673,L/s,1788040800000
MSR 16,2026-08-30 04:00:00,315.4907042253519,L/s,1788062400000
MSR 16,2026-08-30 10:00:00,305.6336111111111,L/s,1788084000000
MSR 16,2026-08-30 16:00:00,293.1247887323942,L/s,1788105600000
MSR 16,2026-08-30 22:00:00,311.1344444444443,L/s,1788127200000
MSR 16,2026-08-31 04:00:00,320.34928571428566,L/s,1788148800000
MSR 16,2026-08-31 10:00:00,351.67819444444456,L/s,1788170400000
MSR 16,2026-08-31 16:00:00,419.9953521126759,L/s,1788192000000
MSR 16,2026-08-31 22:00:00,466.2104000000001,L/s,1788213600000
Clon MarcoB,2026-08-17 00:12:58,854.789683519598,L/s,1786925578000
Clon MarcoB,2026-08-17 04:00:00,858.3029542530192,L/s,1786939200000
Clon MarcoB,2026-08-17 10:00:00,842.4960073605752,L/s,1786960800000
Clon MarcoB,2026-08-17 16:00:00,814.5815814599808,L/s,1786982400000
Clon MarcoB,2026-08-17 22:00:00,1003.0996971603245,L/s,1787004000000
Clon MarcoB,2026-08-18 04:00:00,848.5593752734094,L/s,1787025600000
Clon MarcoB,2026-08-18 10:00:00,852.1162636264247,L/s,1787047200000
Clon MarcoB,2026-08-18 16:00:00,809.4316102401418,L/s,1787068800000
Clon MarcoB,2026-08-18 22:00:00,837.8398848096023,L/s,1787090400000
Clon MarcoB,2026-08-19 04:00:00,834.5141095975424,L/s,1787112000000
Clon MarcoB,2026-08-19 10:00:00,841.1401044877178,L/s,1787133600000
Clon MarcoB,2026-08-19 16:00:00,859.1307296963546,L/s,1787155200000
Clon MarcoB,2026-08-19 22:00:00,876.8265798981832,L/s,1787176800000
Clon MarcoB,2026-08-20 04:00:00,901.560770065045,L/s,1787198400000
Clon MarcoB,2026-08-20 10:00:00,911.7887996954886,L/s,1787220000000
Clon MarcoB,2026-08-20 16:00:00,895.6630626716085,L/s,1787241600000
Clon MarcoB,2026-08-20 22:00:00,885.0761774621691,L/s,1787263200000
Clon MarcoB,2026-08-21 04:00:00,898.6452497399113,L/s,1787284800000
Clon MarcoB,2026-08-21 10:00:00,889.094172076475,L/s,1787306400000
Clon MarcoB,2026-08-21 16:00:00,862.8583707871989,L/s,1787328000000
Clon MarcoB,2026-08-21 22:00:00,953.6670627129998,L/s,1787349600000
Clon MarcoB,2026-08-22 04:00:00,868.9404282862328,L/s,1787371200000
Clon MarcoB,2026-08-22 10:00:00,877.3485540204068,L/s,1787392800000
Clon MarcoB,2026-08-22 16:00:00,878.4845471492033,L/s,1787414400000
Clon MarcoB,2026-08-22 22:00:00,871.2375979442111,L/s,1787436000000
Clon MarcoB,2026-08-23 04:00:00,867.4649031578218,L/s,1787457600000
Clon MarcoB,2026-08-23 10:00:00,874.9545171979214,L/s,1787479200000
Clon MarcoB,2026-08-23 16:00:00,874.5388422845064,L/s,1787500800000
Clon MarcoB,2026-08-23 22:00:00,888.601025945113,L/s,1787522400000
Clon MarcoB,2026-08-24 04:00:00,891.9719868886311,L/s,1787544000000
Clon MarcoB,2026-08-24 10:00:00,889.7848394345871,L/s,1787565600000
Clon MarcoB,2026-08-24 16:00:00,953.2754640113868,L/s,1787587200000
Clon MarcoB,2026-08-24 22:00:00,909.6842284320039,L/s,1787608800000
Clon MarcoB,2026-08-25 04:00:00,894.7529644719714,L/s,1787630400000
Clon MarcoB,2026-08-25 10:00:00,900.4198618375509,L/s,1787652000000
Clon MarcoB,2026-08-25 16:00:00,882.2105916790234,L/s,1787673600000
Clon MarcoB,2026-08-25 22:00:00,1110.3957416265082,L/s,1787695200000
Clon MarcoB,2026-08-26 04:00:00,838.4771220157605,L/s,1787716800000
Clon MarcoB,2026-08-26 10:00:00,1239.473766169991,L/s,1787738400000
Clon MarcoB,2026-08-26 16:00:00,3513.041336241799,L/s,1787760000000
Clon MarcoB,2026-08-26 22:00:00,1444.9488075938789,L/s,1787781600000
Clon MarcoB,2026-08-27 04:00:00,1347.3435384728234,L/s,1787803200000
Clon MarcoB,2026-08-27 10:00:00,1454.9193189010005,L/s,1787824800000
Clon MarcoB,2026-08-27 16:00:00,1363.0215573183473,L/s,1787846400000
Clon MarcoB,2026-08-27 22:00:00,1377.5562212258078,L/s,1787868000000
Clon MarcoB,2026-08-28 04:00:00,1410.410041623954,L/s,1787889600000
Clon MarcoB,2026-08-28 10:00:00,1290.1621460845165,L/s,1787911200000
Clon MarcoB,2026-08-28 16:00:00,1352.3730589024449,L/s,1787932800000
Clon MarcoB,2026-08-28 22:00:00,1343.8189645805483,L/s,1787954400000
Clon MarcoB,2026-08-29 04:00:00,1356.0556684256537,L/s,1787976000000
Clon MarcoB,2026-08-29 10:00:00,1357.5707129718744,L/s,1787997600000
Clon MarcoB,2026-08-29 16:00:00,1365.0664738772166,L/s,1788019200000
Clon MarcoB,2026-08-29 22:00:00,1328.7624777514065,L/s,1788040800000
Clon MarcoB,2026-08-30 04:00:00,1323.9943432605694,L/s,1788062400000
Clon MarcoB,2026-08-30 10:00:00,1324.1083116377392,L/s,1788084000000
Clon MarcoB,2026-08-30 16:00:00,1319.2951242613644,L/s,1788105600000
Clon MarcoB,2026-08-30 22:00:00,1322.6941601409503,L/s,1788127200000
Clon MarcoB,2026-08-31 04:00:00,1365.9542000030488,L/s,1788148800000
Clon MarcoB,2026-08-31 10:00:00,1323.9034774208317,L/s,1788170400000
Clon MarcoB,2026-08-31 16:00:00,1947.490959716219,L/s,1788192000000
Clon MarcoB,2026-08-31 22:00:00,2604.6283539068236,L/s,1788213600000
